OBJECTID;ID;NOM_PARC;ADRESS_SSC;ADRESS_GEO;ACCES_VL;Arrdt;DELEG;SITE_DELEG;TEL;H_PARC_CM;H2_PARC_CM;TYPE_PARC;HORAIRE_NA;ASC_SURF;ACCES_MOTO;ACCES_VELO;V_ELEC_CH;AUTOPART;DATE_TA;AB_1M_E;AB_1A_E;TARIF_PR;PR_1A_MINE;PR_1A_MAXE;TARIF_RES;TF_RES_1AE;DATE_TH;TF_15MN_E;TF_30MN_E;TF_1H_E;TF_1H30_E;TF_2H_E;TF_3H_E;TF_4H_E;TF_7H_E;TF_8H_E;TF_9H_E;TF_10H_E;TF_11H_E;TF_12H_E;TF_24H_E;NB_PL_PMR;ABPMR_1M_E;ABPMR_1T_E;ABPMR_1A_E;MIS_A_JOUR;ABVE_1M_E;ABVE_1T_E;ABVE_1A_E;NB_PL_MOTO;TMOTO_1EHE;ABMOTO_1ME;ABMOTO_1TE;ABMOTO_1AE;TVELO_1M_E;POINT_X;POINT_Y;ZONES_RES;TF_15MN_MO;TF_30MN_MO;TF_24H_MOT;TF_PR_MOTO;PR_1A_MINM;PR_1A_MAXM;TF_RES_MO;TF_RES_1AM;AB_1A_PATT;PARC_AMOD;geo_shape;geo_point_2d
24;120;CHARLETY COUBERTIN;31 AVENUE PIERRE DE COUBERTIN;31 AVENUE PIERRE DE COUBERTIN;E1;13;SAEMES;WWW.SAEMES.FR;01 45 65 25 61;185;;VISITEURS ET ABONNES;24h / 24;OUI, MAIS TRAVAUX D'ACCESSIBILITE AUX HANDICAPES A REALISER;OUI;OUI;OUI;NON;01/07/2016;119,00;1297,00;NON;ND;ND;OUI;907,90;01/07/2015;0,90;1,80;3,60;5,40;7,20;10,80;14,40;25,20;28,80;32,40;32,40;32,40;32,40;32,40;5;ND;ND;ND;2017-03-01;59,50;166,00;648,50;16;ND;48,00;133,00;519,00;15,00;651855.0248;6857660.7772;13E 13F 13G 13L 13M 13N 14H;ND;ND;ND;NON;ND;ND;OUI;389,00;1621,00;NON;"{""type"": ""Point"", ""coordinates"": [2.3443272489501013, 48.81721443565874]}";48.8172144357, 2.34432724895
34;109;ETOILE FRIEDLAND;16 ET 41  AVENUE FRIEDLAND;16 AVENUE DE FRIEDLAND;E1;8;INDIGO;WWW.PARKINDIGO.FR;01 42 89 69 64;190;;VISITEURS ET ABONNES;24h / 24;OUI;OUI;NON;NON;NON;01/08/2016;292,00;2936,00;NON;ND;ND;NON;ND;01/09/2016;1,20;2,40;4,80;7,20;9,60;14,40;19,20;33,60;38,40;39,60;39,60;39,60;39,60;39,60;6;ND;ND;ND;2017-03-01;ND;ND;1468,00;5;ND;ND;ND;ND;ND;648737.1323;6864067.587;ND;ND;ND;ND;NON;ND;ND;NON;ND;ND;NON;"{""type"": ""Point"", ""coordinates"": [2.301095443346493, 48.87459014255856]}";48.8745901426, 2.30109544335
31;122;DELESSERT;11 RUE BEETHOVEN;11 RUE BEETHOVEN;E1;16;SAEMES;WWW.SAEMES.FR;01 44 82 99 99;195;;ABONNES;24h / 24;NON;NON;NON;NON;NON;01/07/2016;ND;ND;NON;ND;ND;NON;ND;ND;ND;ND;ND;ND;ND;ND;ND;ND;ND;ND;ND;ND;ND;ND;0;ND;ND;ND;2017-03-01;ND;ND;ND;0;ND;ND;ND;ND;ND;647689.2286;6862298.9746;ND;ND;ND;ND;NON;ND;ND;NON;ND;3104,00;NON;"{""type"": ""Point"", ""coordinates"": [2.287027081706126, 48.858601170072724]}";48.8586011701, 2.28702708171
77;112;MAC MAHON;17 AVENUE MAC MAHON;17 AVENUE MAC MAHON;E1;17;INDIGO;WWW.PARKINDIGO.FR;01 45 74 65 66;190;;VISITEURS ET ABONNES;24h / 24;OUI, MAIS TRAVAUX D'ACCESSIBILITE AUX HANDICAPES A REALISER;OUI;OUI;NON;NON;01/08/2016;248,00;2579,00;OUI;1547,25;2063,00;NON;ND;01/01/2017;1,05;2,10;4,20;6,30;8,40;12,60;16,80;29,40;33,60;36,80;36,80;36,80;36,80;36,80;6;124,00;353,00;1290,00;2017-03-01;124,00;353,00;1290,00;20;1,20;87,00;248,00;905,00;10,00;648242.945;6864272.5271;8F 8G 16E 16F 16G 17E 17F 17H 17J;0,30;0,60;10,40;OUI;541,50;722,00;NON;ND;3224,00;NON;"{""type"": ""Point"", ""coordinates"": [2.294333210233796, 48.876393581056924]}";48.8763935811, 2.29433321023
78;30;MADELEINE TRONCHET;19 PLACE DE LA MADELEINE;19 PLACE DE LA MADELEINE;E1;8;INDIGO;WWW.PARKINDIGO.FR;01 47 42 30 86;190;;VISITEURS ET ABONNES;24h / 24;OUI;OUI;OUI;NON;OUI;01/08/2016;306,00;3060,00;OUI;1836,00;2448,00;NON;ND;01/07/2016;1,15;2,30;4,60;6,90;9,20;13,80;18,40;32,20;36,80;39,60;39,60;39,60;39,60;39,60;20;153,00;429,00;1530,00;2017-03-01;153,00;429,00;1530,00;153;1,60;105,00;294,00;1050,00;11,50;650413.1329;6863625.6276;1E 2E 8E 8F 8G 8H 8J 8K 8L 9E 9G;0,40;0,80;13,60;OUI;630,00;840,00;NON;ND;3564,00;NON;"{""type"": ""Point"", ""coordinates"": [2.323996046629166, 48.87074693759888]}";48.8707469376, 2.32399604663
56;41;HARLAY (PONT NEUF);40 QUAI DES ORFEVRES;42 QUAI DES ORFEVRES;E1;1;INDIGO;WWW.PARKINDIGO.FR;01 46 33 97 48;190;;VISITEURS ET ABONNES;24h / 24;OUI, MAIS TRAVAUX D'ACCESSIBILITE AUX HANDICAPES A REALISER;OUI;OUI;NON;OUI;01/08/2016;246,00;2558,00;NON;ND;ND;OUI;1790,60;01/09/2016;1,10;2,20;4,40;6,60;8,80;13,20;17,60;30,80;35,20;39,60;39,60;39,60;39,60;39,60;7;ND;ND;ND;2017-03-01;123,00;350,55;1279,00;61;ND;89,00;253,50;925,60;ND;651751.6431;6861971.7982;1E 34F 4E 5G 5H 5J 6E;ND;ND;ND;NON;ND;ND;NON;ND;2992,00;NON;"{""type"": ""Point"", ""coordinates"": [2.342430479790229, 48.855975972058324]}";48.8559759721, 2.34243047979
84;72;MAIRIE DU 17 EME;20 RUE DES BATIGNOLLES;20 RUE DES BATIGNOLLES;E1;17;SAEMES;WWW.SAEMES.FR;01 53 04 30 10;180;;VISITEURS ET ABONNES;08h / 22h45;OUI, MAIS TRAVAUX D'ACCESSIBILITE AUX HANDICAPES A REALISER;OUI;OUI;OUI;OUI;01/07/2016;223,00;2230,00;NON;ND;ND;NON;ND;01/07/2015;1,00;2,00;3,90;5,90;7,80;11,70;15,60;27,30;31,20;35,10;35,10;35,10;35,10;35,10;5;ND;ND;ND;2017-03-01;ND;ND;ND;37;1,40;89,00;241,00;892,00;15,00;650251.6766;6865168.8881;ND;0,40;0,70;12,30;NON;ND;ND;OUI;669,00;2790,00;NON;"{""type"": ""Point"", ""coordinates"": [2.321614320614963, 48.88461257470296]}";48.8846125747, 2.32161432061
42;12;FOCH;37 ET 47 ET 4 AVENUE FOCH;47 AVENUE FOCH;E3;16;SPIE AUTOCITE;WWW.AUTOCITE.FR;01 45 00 44 78;190;;VISITEURS ET ABONNES;24h / 24;OUI;OUI;OUI;OUI;NON;01/01/2016;295,00;2950,00;NON;ND;ND;OUI;2065,00;01/01/2016;2,10;3,15;4,20;6,30;8,40;12,60;16,80;29,40;33,60;37,80;42,00;42,00;42,00;42,00;8;147,50;413,00;1475,00;2017-03-01;147,50;413,00;1475,00;18;1,45;103,25;289,10;1032,50;10,00;647413.6823;6863787.5687;TOUT PARIS;0,75;1,10;14,70;NON;ND;ND;OUI;722,75;3687,50;NON;"{""type"": ""Point"", ""coordinates"": [2.283087511144891, 48.871965318110014]}";48.8719653181, 2.28308751114
38;103;FAUBOURG SAINT ANTOINE;85 AVENUE LEDRU ROLLIN;85 AVENUE LEDRU ROLLIN;E1;12;INDIGO;WWW.PARKINDIGO.FR;01 44 75 52 43;190;;VISITEURS ET ABONNES;24h / 24;OUI, MAIS TRAVAUX D'ACCESSIBILITE AUX HANDICAPES A REALISER;OUI;OUI;NON;NON;01/08/2016;234,00;2434,00;NON;ND;ND;NON;ND;01/08/2016;1,10;2,20;4,40;6,60;8,80;13,20;17,60;30,80;35,20;39,60;39,60;39,60;39,60;39,60;8;ND;ND;ND;2017-03-01;ND;ND;1214,00;31;ND;ND;380,00;1398,00;ND;654179.463;6861395.5734;ND;ND;ND;ND;NON;ND;ND;NON;ND;ND;NON;"{""type"": ""Point"", ""coordinates"": [2.375579552957848, 48.850971257949695]}";48.8509712579, 2.37557955296
69;134;LA TOUR MAUBOURG ORSAY;45 QUAI D ORSAY;45 QUAI D ORSAY;E1;7;Q PARK;WWW.Q-PARK.FR;01 44 18 04 05;190;;VISITEURS ET ABONNES;24h / 24;OUI;OUI;NON;OUI;NON;01/01/2017;305,00;2950,00;NON;ND;ND;OUI;2040,00;01/01/2017;1,25;2,50;5,00;7,50;10,00;15,00;20,00;35,00;40,00;40,00;40,00;40,00;40,00;40,00;9;ND;ND;ND;2017-03-01;125,00;ND;1500,00;11;ND;142,00;403,00;1147,00;ND;649367.4653;6862698.909;1E 7E 7F 7G 7H 7J 7K 7L 7M 7N 8E 16H;ND;ND;ND;NON;ND;ND;NON;ND;3709,00;NON;"{""type"": ""Point"", ""coordinates"": [2.309851888243394, 48.862331801967365]}";48.862331802, 2.30985188824
71;98;LECOURBE (SURFACE);37 BOULEVARD GARIBALDI;37 BOULEVARD GARIBALDI;E1;15;SAEMES;WWW.SAEMES.FR;01 44 82 99 99;200;;ABONNES;24h / 24;ACCESSIBLE DE PLAIN PIED;NON;OUI;OUI;OUI;01/01/2017;103,60;1036,00;OUI;621,60;828,80;NON;ND;ND;ND;ND;ND;ND;ND;ND;ND;ND;ND;ND;ND;ND;ND;ND;2;52,00;148,00;518,00;2017-03-01;52,00;148,00;518,00;0;ND;ND;ND;ND;ND;649107.7062;6860961.0187;6F 7F 7H 7J 7K 7M 7N 15F 15G 15H 15J 15K 15L 15R;ND;ND;ND;NON;ND;ND;NON;ND;ND;NON;"{""type"": ""Point"", ""coordinates"": [2.306519452041374, 48.84668269490299]}";48.8466826949, 2.30651945204
54;106;GRENIER SAINT LAZARE;24 RUE DU GRENIER SAINT LAZARE;24 RUE DU GRENIER SAINT LAZARE;E1;3;INDIGO;WWW.PARKINDIGO.FR;01 40 29 97 29;180;;ABONNES;24h / 24;NON;NON;NON;NON;NON;01/08/2016;ND;ND;NON;ND;ND;NON;ND;ND;ND;ND;ND;ND;ND;ND;ND;ND;ND;ND;ND;ND;ND;ND;0;ND;ND;ND;2017-03-01;ND;ND;ND;0;ND;ND;ND;ND;ND;652556.8848;6862751.1153;ND;ND;ND;ND;NON;ND;ND;NON;ND;ND;NON;"{""type"": ""Point"", ""coordinates"": [2.353317518744047, 48.8630440823885]}";48.8630440824, 2.35331751874
39;68;FIRMIN GEMIER;5 RUE FIRMIN GEMIER;5 RUE FIRMIN GEMIER;E1;18;SAEMES;WWW.SAEMES.FR;01 44 82 99 99;195;;ABONNES;24h / 24;NON;OUI;NON;NON;NON;01/07/2016;ND;ND;NON;ND;ND;NON;ND;ND;ND;ND;ND;ND;ND;ND;ND;ND;ND;ND;ND;ND;ND;ND;0;94,00;ND;ND;2017-03-01;ND;ND;ND;7;ND;54,00;149,00;582,00;ND;650879.9809;6866288.4283;ND;ND;ND;ND;NON;ND;ND;NON;ND;1454,00;NON;"{""type"": ""Point"", ""coordinates"": [2.330052162620531, 48.89472840582793]}";48.8947284058, 2.33005216262
125;51;PORTE D ORLEANS;6 RUE DE LA LEGION ETRANGERE ET AVENUE DE LA PORTE D ORLEANS;AVENUE DE LA PORTE D ORLEANS;E2;14;SAEMES;WWW.SAEMES.FR;01 40 52 09 20;185;280;VISITEURS ET ABONNES;24h / 24;OUI, MAIS TRAVAUX D'ACCESSIBILITE AUX HANDICAPES A REALISER;OUI;OUI;OUI;OUI;01/01/2017;140,00;1400,00;OUI;840,00;1120,00;NON;ND;01/01/2017;0,80;1,60;3,25;4,85;6,50;9,75;13,00;22,75;26,00;29,25;29,25;29,25;29,25;29,25;14;70,00;196,00;700,00;2017-03-01;70,00;196,00;700,00;24;1,15;49,00;137,20;490,00;15,00;650508.6083;6858024.4178;TOUT PARIS;0,30;0,60;10,35;OUI;294,00;392,00;NON;ND;1820,00;NON;"{""type"": ""Point"", ""coordinates"": [2.325949389761584, 48.82038276992376]}";48.8203827699, 2.32594938976
118;35;PORTE DE CHAMPERRET;6 AVENUE PORTE DE CHAMPERRET ET 21 BOULEVARD DE L YSER;21 BOULEVARD DE L YSER;E1;17;INDIGO;WWW.PARKINDIGO.FR;01 43 80 73 81;190;;VISITEURS ET ABONNES;24h / 24;OUI, MAIS TRAVAUX D'ACCESSIBILITE AUX HANDICAPES A REALISER;OUI;OUI;OUI;OUI;01/08/2016;148,00;1539,00;NON;ND;ND;OUI;1082,00;01/02/2017;1,00;2,00;4,00;6,00;8,00;12,00;16,00;28,00;32,00;36,00;36,00;36,00;36,00;36,00;29;ND;ND;ND;2017-03-01;74,00;211,00;770,00;37;1,20;72,00;205,00;749,00;16,00;647738.9887;6865186.5518;17E 17F 17G 17H 17L 17M 17N;0,30;0,60;10,80;NON;ND;ND;OUI;520,00;1924,00;NON;"{""type"": ""Point"", ""coordinates"": [2.287350064459235, 48.88457238528728]}";48.8845723853, 2.28735006446
115;37;PONT DE GRENELLE MAISON DE LA RADIO;116 AVENUE DU PRESIDENT KENNEDY;116 AVENUE DU PRESIDENT KENNEDY;E1;16;SAGS;WWW.SAGS.FR;01 45 25 18 90;190;;VISITEURS ET ABONNES;24h / 24;NON;OUI;OUI;OUI;OUI;06/04/2014;210,00;2100,00;OUI;800,00;1600,00;NON;ND;06/04/2014;0,90;1,80;3,60;5,40;7,20;10,80;14,40;25,20;28,80;32,40;32,40;32,40;32,40;32,40;6;105,00;315,00;1050,00;2017-03-01;105,00;315,00;1050,00;6;1,20;84,00;228,00;840,00;10,00;647132.5757;6861586.5442;15M 16P 16S 16T 16U;0,30;0,60;10,80;OUI;280,00;560,00;NON;ND;2625,00;NON;"{""type"": ""Point"", ""coordinates"": [2.279529159981994, 48.85214895296255]}";48.852148953, 2.27952915998
149;50;SOUFFLOT;18 ET 19  RUE SOUFFLOT;18 RUE SOUFFLOT;E1;5;INDIGO;WWW.PARKINDIGO.FR;01 43 26 15 54;190;;VISITEURS ET ABONNES;24h / 24;OUI, MAIS TRAVAUX D'ACCESSIBILITE AUX HANDICAPES A REALISER;OUI;OUI;OUI;OUI;01/08/2016;239,00;2486,00;NON;ND;ND;NON;ND;01/01/2017;1,05;2,10;4,20;6,30;8,40;12,60;16,80;29,40;33,60;37,80;37,80;37,80;37,80;37,80;9;119,50;341,00;1243,00;2017-03-01;119,50;341,00;1243,00;33;1,20;83,60;238,70;870,10;10,10;651746.2924;6860989.5635;ND;0,30;0,60;10,80;NON;ND;ND;NON;ND;3077,00;NON;"{""type"": ""Point"", ""coordinates"": [2.342469029767626, 48.847142395599]}";48.8471423956, 2.34246902977
141;139;SAINT MICHEL;46 RUE FRANCISQUE GAY;46 RUE FRANCISQUE GAY;E1;6;INDIGO;WWW.PARKINDIGO.FR;01 56 24 32 44;190;;VISITEURS ET ABONNES;24h / 24;OUI;OUI;OUI;OUI;OUI;01/08/2016;335,00;3484,00;OUI;2090,40;2787,20;NON;ND;01/01/2017;1,15;2,30;4,60;6,90;9,20;13,80;18,40;32,20;36,80;39,60;39,60;39,60;39,60;39,60;9;167,50;478,00;1742,00;2017-03-01;167,50;478,00;1742,00;10;1,60;117,25;334,10;1219,40;10,10;651819.7158;6861635.332;5H 5J 6E 6G;0,40;0,80;13,60;OUI;731,64;975,52;NON;ND;4355,00;NON;"{""type"": ""Point"", ""coordinates"": [2.343396320029293, 48.852955254455296]}";48.8529552545, 2.34339632003
148;155;SEVRES BABYLONE;12 RUE DE  BABYLONE;12 RUE DE BABYLONE;E1;7;INDIGO;WWW.PARKINDIGO.FR;01 45 68 43 30;190;;VISITEURS ET ABONNES;24h / 24;OUI;OUI;OUI;OUI;NON;19/12/2015;290,00;2900,00;OUI;1620,00;2160,00;NON;ND;19/12/2015;1,00;2,00;4,00;6,00;8,00;12,00;16,00;28,00;32,00;36,00;36,00;36,00;36,00;36,00;19;145,00;406,00;1450,00;2017-03-01;145,00;406,00;1450,00;31;1,40;101,50;406,00;1450,00;10,00;650477.9353;6861516.1083;6E 6F 7M 7N 7L;0,35;0,70;12,60;OUI;567,00;756,00;NON;ND;3625,00;NON;"{""type"": ""Point"", ""coordinates"": [2.325125223113564, 48.851781348476926]}";48.8517813485, 2.32512522311
146;95;SAXE (SURFACE);54 AVENUE DE SAXE;54 AVENUE DE SAXE;E1;7;SAEMES;WWW.SAEMES.FR;01 44 82 99 99;200;;ABONNES;24h / 24;ACCESSIBLE DE PLAIN PIED;NON;OUI;OUI;OUI;01/01/2017;133,00;1330,00;OUI;798,00;1064,00;NON;ND;ND;ND;ND;ND;ND;ND;ND;ND;ND;ND;ND;ND;ND;ND;ND;2;66,50;190,00;665,00;2017-03-01;66,50;190,00;665,00;0;ND;ND;ND;ND;ND;649527.7136;6860950.9963;6F 7H 7J 7K 7M 7N 14N 15G 15H 15J 15K;ND;ND;ND;NON;ND;ND;NON;ND;ND;NON;"{""type"": ""Point"", ""coordinates"": [2.312243554524215, 48.84662560000733]}";48.8466256, 2.31224355452
116;114;PORTE D ASNIERES;2 AVENUE DE LA PORTE D ASNIERES;2 AVENUE DE LA PORTE D ASNIERES;E1;17;INDIGO;WWW.PARKINDIGO.FR;01 43 80 73 81;190;;ABONNES;24h / 24;OUI;OUI;NON;OUI;NON;01/08/2016;ND;ND;NON;ND;ND;NON;ND;ND;ND;ND;ND;ND;ND;ND;ND;ND;ND;ND;ND;ND;ND;ND;0;ND;ND;ND;2017-03-01;ND;ND;ND;5;ND;ND;ND;936,00;ND;648961.2958;6865841.8216;ND;ND;ND;ND;NON;ND;ND;NON;ND;1581,00;NON;"{""type"": ""Point"", ""coordinates"": [2.303938244548789, 48.89056301411726]}";48.8905630141, 2.30393824455
109;79;PEREIRE;211 BOULEVARD PEREIRE;211 BOULEVARD PEREIRE;E1;17;SAEMES;WWW.SAEMES.FR;01 44 82 99 99;200;;ABONNES;24h / 24;NON;OUI;NON;NON;NON;01/07/2016;ND;1910,00;NON;ND;ND;NON;ND;ND;ND;ND;ND;ND;ND;ND;ND;ND;ND;ND;ND;ND;ND;ND;0;ND;ND;ND;2017-03-01;ND;ND;ND;21;ND;ND;339,00;1256,00;ND;647948.9895;6864779.9906;ND;ND;ND;ND;NON;ND;ND;NON;ND;3141,00;NON;"{""type"": ""Point"", ""coordinates"": [2.290263386103299, 48.88093333954066]}";48.8809333395, 2.2902633861
14;150;BORDS DE SEINE FREYSSINET (RIVE GAUCHE);21 RUE ABEL GANCE;21 RUE ABEL GANCE;E1;13;INDIGO;WWW.PARKINDIGO.FR;01 44 06 60 50;190;;VISITEURS ET ABONNES;24h / 24;OUI;OUI;OUI;OUI;NON;01/09/2016;235,00;2350,00;OUI;1410,00;1880,00;NON;ND;01/09/2016;0,90;1,80;3,60;5,40;7,20;10,80;14,40;25,20;28,80;32,40;32,40;32,40;32,40;32,40;7;118,00;329,00;1175,00;2017-03-01;118,00;329,00;1175,00;16;1,20;82,00;230,00;823,00;10,00;653992.551;6859647.598;5F 12E 12F 13J 13K 13L 13M 13N 13P 13R 13S;0,30;0,60;10,80;OUI;493,50;658,00;NON;ND;2938,00;NON;"{""type"": ""Point"", ""coordinates"": [2.373221588101417, 48.83523833495664]}";48.835238335, 2.3732215881
43;54;FRANCOIS 1ER;17 RUE FRANCOIS 1ER;17 RUE FRANCOIS 1ER;E1;8;INTERPARKING;WWW.INTERPARKING-FRANCE.COM;01 47 23 37 03;190;;VISITEURS ET ABONNES;24h / 24;PREVU;OUI;OUI;OUI;NON;01/11/2014;263,00;2625,00;OUI;1050,00;2100,00;NON;ND;15/12/2016;0,90;1,80;3,60;5,40;7,20;10,80;14,40;25,20;28,80;32,40;32,40;32,40;32,40;32,40;11;132,00;368,00;1313,00;2017-03-01;132,00;368,00;1313,00;5;1,25;73,50;195,50;735,00;10,00;649070.4624;6863247.395;7E 7G 8E 8F 8H 16G 16H 16I 16K;0,35;0,65;11,25;OUI;367,50;735,00;NON;ND;3281,00;NON;"{""type"": ""Point"", ""coordinates"": [2.30573805940525, 48.8672408109973]}";48.867240811, 2.30573805941
96;18;MEYERBEER (OPERA);4 RUE DE LA CHAUSSEE D ANTIN;4 RUE DE LA CHAUSSEE D ANTIN;E1;9;SAEMES;WWW.SAEMES.FR;01 47 42 95 14;190;;VISITEURS ET ABONNES;24h / 24;OUI;OUI;OUI;OUI;NON;01/01/2017;279,00;2790,00;OUI;1215,00;1620,00;NON;ND;01/01/2017;0,95;1,85;3,65;5,50;7,30;10,95;14,60;25,55;29,20;32,85;32,85;32,85;32,85;32,85;11;139,00;397,00;1390,00;2017-03-01;139,00;397,00;1390,00;17;1,25;97,60;278,00;976,00;10,00;651155.8835;6863691.089;1E 2E 9E 9F 9G;0,35;0,65;11,30;OUI;425,25;567,00;NON;ND;3490,00;NON;"{""type"": ""Point"", ""coordinates"": [2.334113749543752, 48.87139237288018]}";48.8713923729, 2.33411374954
108;76;PATRIARCHES;37 RUE DAUBENTON;37 RUE DAUBENTON;E1;5;SPIE AUTOCITE;WWW.AUTOCITE.FR;01 43 37 43 56;185;;VISITEURS ET ABONNES;24h / 24;OUI;OUI;OUI;OUI;NON;01/01/2017;280,00;2800,00;OUI;1680,00;2240,00;NON;ND;01/01/2017;1,00;2,00;4,00;6,00;8,00;12,00;16,00;28,00;32,00;36,00;36,00;36,00;36,00;36,00;7;140,00;392,00;1400,00;2017-03-01;140,00;392,00;1400,00;15;1,40;98,00;274,40;980,00;10,00;652372.6068;6860219.4177;5E 5F 5G 5H 5J 6E 6G 13H 13HJ 13K 14P;0,35;0,70;12,60;OUI;588,00;784,00;NON;ND;3500,00;NON;"{""type"": ""Point"", ""coordinates"": [2.351089380603923, 48.8402630659288]}";48.8402630659, 2.3510893806
105;16;PASSY;82 RUE DE PASSY;82 RUE DE PASSY;E1;16;INDIGO;WWW.PARKINDIGO.FR;01 45 24 25 09;190;;VISITEURS ET ABONNES;24h / 24;OUI;OUI;OUI;OUI;NON;01/08/2016;363,00;3775,00;OUI;2265,00;3020,00;NON;ND;01/08/2016;1,05;2,10;4,20;6,30;8,40;12,60;16,80;29,40;33,60;37,80;37,80;37,80;37,80;37,80;8;181,50;517,00;1888,00;2017-03-01;181,50;517,00;1888,00;6;1,20;127,00;362,00;1321,00;16,80;646845.0612;6862266.1373;16K 16L 16M 16N 16P 16R 16S 16T 16U;0,30;0,60;10,80;OUI;792,75;1057,00;NON;ND;5335,00;NON;"{""type"": ""Point"", ""coordinates"": [2.275526196273249, 48.85823677015599]}";48.8582367702, 2.27552619627
91;140;MARCEAU ETOILE;75 BIS AVENUE MARCEAU;75B AVENUE MARCEAU;E1;16;Q PARK;WWW.Q-PARK.FR;01 40 70 10 10;190;;VISITEURS ET ABONNES;24h / 24;OUI;OUI;NON;OUI;NON;01/01/2017;315,00;3045,00;NON;ND;ND;OUI;2100,00;01/01/2017;1,25;2,50;5,00;7,50;10,00;15,00;20,00;35,00;40,00;40,00;40,00;40,00;40,00;40,00;10;ND;ND;ND;2017-03-01;130,00;ND;1560,00;10;ND;142,00;403,00;1147,00;ND;648415.6377;6863722.0809;8E 8F 8G 8H 8J 16E 16F 16G 16H 16I 16J 17E;ND;ND;ND;NON;ND;ND;NON;ND;4561,00;NON;"{""type"": ""Point"", ""coordinates"": [2.296754452263768, 48.871457432883716]}";48.8714574329, 2.29675445226
93;156;MARIGNY CHATEAU;10 COURS MARIGNY;10 COURS MARIGNY;E1;12;INDIGO;WWW.PARKINDIGO.FR;01 43 74 96 43;190;;VISITEURS ET ABONNES;24h / 24;PREVU;OUI;OUI;OUI;NON;01/01/2014;92,00;920,00;NON;ND;ND;NON;ND;01/01/2014;0,35;0,70;1,40;2,10;2,80;4,20;5,60;9,80;11,20;12,60;12,60;12,60;12,60;12,60;12;46,00;125,00;460,00;2017-03-01;46,00;125,00;460,00;57;0,45;32,80;87,50;322,00;10,00;658875.9515;6860729.8275;ND;0,10;0,20;4,40;NON;ND;ND;NON;ND;1150,00;NON;"{""type"": ""Point"", ""coordinates"": [2.439643170562296, 48.84530105257913]}";48.8453010526, 2.43964317056
44;130;FRANZ LISZT;32 RUE DES PETITS HOTELS;32 RUE DES PETITS HOTELS;E1;10;INDIGO;WWW.PARKINDIGO.FR;01 40 16 41 01;190;;VISITEURS ET ABONNES;24h / 24;OUI;OUI;NON;NON;OUI;01/08/2016;235,00;2444,00;NON;ND;ND;NON;ND;01/09/2016;1,10;2,20;4,40;6,60;8,80;13,20;17,60;30,80;35,20;39,60;39,60;39,60;39,60;39,60;6;ND;ND;ND;2017-03-01;ND;ND;1222,00;26;ND;80,00;226,00;827,00;ND;652526.8997;6864370.7621;ND;ND;ND;ND;NON;ND;ND;NON;ND;ND;NON;"{""type"": ""Point"", ""coordinates"": [2.352727854338938, 48.87760702575311]}";48.8776070258, 2.35272785434
103;92;ORSAY 1 (SURFACE);87 QUAI D ORSAY;87 QUAI D ORSAY;E1;7;SAEMES;WWW.SAEMES.FR;01 44 82 99 99;200;;ABONNES;24h / 24;ACCESSIBLE DE PLAIN PIED;NON;OUI;NON;NON;01/01/2017;133,00;1330,00;OUI;798,00;1064,00;NON;ND;ND;ND;ND;ND;ND;ND;ND;ND;ND;ND;ND;ND;ND;ND;ND;1;66,50;190,00;665,00;2017-03-01;66,50;190,00;665,00;0;ND;ND;ND;ND;ND;648857.967;6862686.7814;7E 7F 7G 7J 7L 7M 8E 16H;ND;ND;ND;NON;ND;ND;NON;ND;ND;NON;"{""type"": ""Point"", ""coordinates"": [2.302908976434032, 48.86218249213813]}";48.8621824921, 2.30290897643
47;118;GENERAL BEURET;31 RUE DU GENERAL BEURET;31 RUE DU GENERAL BEURET;E1;15;SAEMES;WWW.SAEMES.FR;01 44 82 99 99;185;;ABONNES;24h / 24;NON;OUI;NON;NON;NON;01/07/2016;ND;ND;NON;ND;ND;NON;ND;ND;ND;ND;ND;ND;ND;ND;ND;ND;ND;ND;ND;ND;ND;ND;0;ND;110,00;ND;2017-03-01;ND;ND;ND;0;ND;ND;ND;ND;ND;648791.7875;6860241.6877;ND;ND;ND;ND;NON;ND;ND;NON;ND;1657,00;NON;"{""type"": ""Point"", ""coordinates"": [2.302301435486304, 48.840188747594375]}";48.8401887476, 2.30230143549
160;138;VERSAILLES REYNAUD;178 AVENUE DE VERSAILLES;178 AVENUE DE VERSAILLES;E1;16;INDIGO;WWW.PARKINDIGO.FR;01 40 71 63 43;190;;VISITEURS ET ABONNES;24h / 24;OUI, MAIS TRAVAUX D'ACCESSIBILITE AUX HANDICAPES A REALISER;OUI;OUI;NON;NON;01/08/2016;206,00;2142,00;NON;ND;ND;NON;ND;01/09/2016;1,10;2,20;4,40;6,60;8,80;13,20;17,60;30,80;35,20;39,60;39,60;39,60;39,60;39,60;1;ND;ND;ND;2017-03-01;ND;ND;1071,00;20;ND;91,00;259,00;946,00;ND;645871.6408;6860215.3198;ND;ND;ND;ND;NON;ND;ND;NON;ND;ND;NON;"{""type"": ""Point"", ""coordinates"": [2.262520803329149, 48.83971296441354]}";48.8397129644, 2.26252080333
166;96;WILSON 2 (SURFACE);16 TER AVENUE DU PRESIDENT WILSON;16 TER AVENUE DU PRESIDENT WILSON;E1;16;SAEMES;WWW.SAEMES.FR;01 44 82 99 99;200;;ABONNES;24h / 24;ACCESSIBLE DE PLAIN PIED;NON;OUI;OUI;NON;01/01/2017;133,00;1330,00;OUI;798,00;1064,00;NON;ND;ND;ND;ND;ND;ND;ND;ND;ND;ND;ND;ND;ND;ND;ND;ND;2;66,50;190,00;665,00;2017-03-01;66,50;190,00;665,00;0;ND;ND;ND;ND;ND;648115.279;6862966.066;16F 16G 16H 16I 16J 16K;ND;ND;ND;NON;ND;ND;NON;ND;ND;NON;"{""type"": ""Point"", ""coordinates"": [2.292752216238735, 48.86463464939235]}";48.8646346494, 2.29275221624
121;43;PORTE DE SAINT CLOUD;10 AVENUE DE LA PORTE DE SAINT CLOUD;10 AVENUE DE LA PORTE DE SAINT CLOUD;E1;16;SPIE AUTOCITE;WWW.AUTOCITE.FR;01 46 51 28 68;190;;VISITEURS ET ABONNES;24h / 24;OUI;OUI;OUI;OUI;OUI;01/01/2017;170,00;1700,00;OUI;1020,00;1360,00;NON;ND;01/01/2017;0,95;1,90;3,80;5,70;7,60;11,40;15,20;26,60;30,40;34,20;34,20;34,20;34,20;34,20;28;85,00;237,50;850,00;2017-03-01;85,00;237,50;850,00;56;1,30;59,50;166,25;595,00;13,00;645223.9879;6860123.1316;15M 15N 16P 16R 16S 16T 16U 16V 16W 16X 16Y 16Z;0,35;0,65;11,70;OUI;357,00;476,00;NON;ND;2125,00;NON;"{""type"": ""Point"", ""coordinates"": [2.253709161270994, 48.838829196929865]}";48.8388291969, 2.25370916127
117;22;PORTE D AUTEUIL;8 AVENUE DU GENERAL SARRAIL;8 AVENUE DU GENERAL SARRAIL;E1;16;SPIE AUTOCITE;WWW.AUTOCITE.FR;01 46 51 90 18;185;;VISITEURS ET ABONNES;24h / 24;OUI;OUI;OUI;OUI;NON;01/01/2016;143,00;1430,00;OUI;858,00;1144,00;NON;ND;01/01/2016;0,90;1,80;3,60;5,40;7,20;10,80;14,40;25,20;28,80;32,40;36,00;39,60;39,60;39,60;23;71,50;200,20;715,00;2017-03-01;71,50;200,20;715,00;30;1,25;50,05;140,10;500,50;12,00;645404.0842;6860973.7039;16R 16S 16T 16U 16V 16W 16X 16Y 16Z;0,30;0,60;13,85;OUI;300,30;400,40;NON;ND;1787,50;NON;"{""type"": ""Point"", ""coordinates"": [2.2560535431737962, 48.84649361013941]}";48.8464936101, 2.25605354317
123;49;PORTE DE VERSAILLES;40 BOULEVARD VICTOR;40 BOULEVARD VICTOR;E1;15;SAGS;WWW.SAGS.FR;01 53 68 46 09;190;;VISITEURS ET ABONNES;24h / 24;OUI;OUI;OUI;OUI;OUI;01/12/2015;207,86;2078,60;OUI;1247,18;1662,90;NON;ND;01/07/2015;1,00;2,00;4,00;6,00;8,00;12,00;16,00;28,00;32,00;36,00;40,00;44,00;44,00;44,00;10;103,93;291,00;1039,30;2017-03-01;103,93;291,00;1039,30;20;1,40;72,75;203,70;727,51;ND;647534.5949;6859509.64;15N 15P 15S 15T 15U 15V 15W 15X;0,35;0,70;15,40;OUI;436,51;582,02;NON;ND;2598,25;NON;"{""type"": ""Point"", ""coordinates"": [2.285263715856588, 48.833504316390076]}";48.8335043164, 2.28526371586
102;56;NOTRE DAME;6 RUE DE LA CITE;6 RUE DE LA CITE;E1;4;SAEMES;WWW.SAEMES.FR;01 56 81 14 20;190;;VISITEURS ET ABONNES;24h / 24;OUI, MAIS TRAVAUX D'ACCESSIBILITE AUX HANDICAPES A REALISER;OUI;OUI;OUI;NON;01/07/2015;285,00;2993,00;OUI;1795,80;2394,40;NON;ND;01/07/2015;1,00;2,00;4,00;6,00;8,00;12,00;16,00;28,00;32,00;32,00;32,00;32,00;32,00;32,00;8;ND;ND;ND;2017-03-01;143,00;392,00;1497,00;18;1,00;86,00;235,00;898,00;15,00;652094.5603;6861736.3189;4E 5J;0,30;0,50;6,80;NON;ND;ND;OUI;599,00;3891,00;NON;"{""type"": ""Point"", ""coordinates"": [2.347130366713731, 48.853883916948114]}";48.8538839169, 2.34713036671
122;40;PORTE DE SAINT OUEN;25 AVENUE DE LA PORTE DE SAINT OUEN;25 AVENUE DE LA PORTE DE SAINT OUEN;E1;17;SPIE AUTOCITE;WWW.AUTOCITE.FR;01 42 29 31 96;190;;VISITEURS ET ABONNES;06h / 20h;OUI;OUI;OUI;OUI;NON;01/04/2015;120,00;1200,00;NON;ND;ND;OUI;920,00;01/07/2015;0,70;1,40;2,80;4,20;5,60;8,40;11,20;19,60;22,40;25,20;28,00;30,80;33,60;36,40;10;ND;ND;ND;2017-03-01;ND;ND;ND;4;ND;ND;ND;ND;ND;650834.5461;6866880.2226;17R 17S 17T 17U 18E 18H 18J 18K 18L 18M 18N 18P 18R 18S 18T;ND;ND;ND;NON;ND;ND;NON;ND;ND;NON;"{""type"": ""Point"", ""coordinates"": [2.329363957021306, 48.900046678656324]}";48.9000466787, 2.32936395702
126;64;PORTE MAILLOT;16 PLACE DE LA PORTE MAILLOT;16 PLACE DE LA PORTE MAILLOT;E1;17;INDIGO;WWW.PARKINDIGO.FR;01 40 68 00 11;190;;VISITEURS ET ABONNES;24h / 24;OUI, MAIS TRAVAUX D'ACCESSIBILITE AUX HANDICAPES A REALISER;OUI;NON;OUI;OUI;01/08/2016;208,00;2163,00;NON;ND;ND;NON;ND;01/09/2016;1,20;2,40;4,80;7,20;9,60;14,40;19,20;33,60;38,40;39,60;39,60;39,60;39,60;39,60;40;ND;ND;ND;2017-03-01;ND;ND;1082,00;9;ND;112,00;319,00;1165,00;ND;647380.2712;6864575.3494;ND;ND;ND;ND;NON;ND;ND;NON;ND;2756,00;NON;"{""type"": ""Point"", ""coordinates"": [2.282534459216831, 48.87904685235436]}";48.8790468524, 2.28253445922
129;52;PYRAMIDES;14 ET 29 RUE DES PYRAMIDES;29 RUE DES PYRAMIDES;E2;1;SAEMES;WWW.SAEMES.FR;01 47 03 02 88;190;;VISITEURS ET ABONNES;24h / 24;OUI;OUI;OUI;OUI;NON;01/07/2016;257,00;2628,00;OUI;1576,50;2102,00;NON;ND;01/07/2015;1,00;2,00;4,00;6,00;8,00;12,00;16,00;28,00;32,00;36,00;36,00;36,00;36,00;36,00;16;64,00;176,00;657,00;2017-03-01;128,50;351,00;1314,00;46;1,30;103,00;281,00;1051,00;14,00;651126.3788;6863118.7397;1E;0,40;0,70;12,00;NON;ND;ND;OUI;788,00;3285,00;NON;"{""type"": ""Point"", ""coordinates"": [2.333777366469715, 48.866243117731166]}";48.8662431177, 2.33377736647
128;52;PYRAMIDES;14 ET 29 RUE DES PYRAMIDES;14 RUE DES PYRAMIDES;E1;1;SAEMES;WWW.SAEMES.FR;01 47 03 02 88;190;;VISITEURS ET ABONNES;24h / 24;OUI;OUI;OUI;OUI;NON;01/07/2016;257,00;2628,00;OUI;1576,50;2102,00;NON;ND;01/07/2015;1,00;2,00;4,00;6,00;8,00;12,00;16,00;28,00;32,00;36,00;36,00;36,00;36,00;36,00;16;64,00;176,00;657,00;2017-03-01;128,50;351,00;1314,00;46;1,30;103,00;281,00;1051,00;14,00;651087.7164;6862992.1655;1E;0,40;0,70;12,00;NON;ND;ND;OUI;788,00;3285,00;NON;"{""type"": ""Point"", ""coordinates"": [2.33326493194373, 48.86510192467722]}";48.8651019247, 2.33326493194
113;85;POLIVEAU;39 RUE POLIVEAU;39 RUE POLIVEAU;E1;5;SAEMES;WWW.SAEMES.FR;01 44 82 99 99;190;;ABONNES;24h / 24;NON;OUI;NON;NON;OUI;01/07/2015;ND;ND;NON;ND;ND;NON;ND;ND;ND;ND;ND;ND;ND;ND;ND;ND;ND;ND;ND;ND;ND;ND;0;ND;ND;ND;2017-03-01;ND;ND;ND;2;ND;ND;189,00;ND;ND;652839.9395;6860165.287;ND;ND;ND;ND;NON;ND;ND;NON;ND;1628,00;NON;"{""type"": ""Point"", ""coordinates"": [2.357462383641482, 48.83981063541423]}";48.8398106354, 2.35746238364
127;65;PRONY;37 RUE DE PRONY;37 RUE DE PRONY;E1;17;INDIGO;WWW.PARKINDIGO.FR;01 43 80 73 81;190;;ABONNES;24h / 24;NON;NON;NON;NON;NON;ND;ND;ND;NON;ND;ND;NON;ND;ND;ND;ND;ND;ND;ND;ND;ND;ND;ND;ND;ND;ND;ND;ND;0;ND;ND;ND;2017-03-01;ND;ND;ND;0;ND;ND;ND;ND;ND;649093.5449;6864832.8018;ND;ND;ND;ND;NON;ND;ND;NON;ND;ND;OUI;"{""type"": ""Point"", ""coordinates"": [2.305862719552195, 48.88149975076604]}";48.8814997508, 2.30586271955
36;131;EURONORD LARIBOISIERE;11 RUE AMBROISE PARE;11 RUE AMBROISE PARE;E1;10;INDIGO;WWW.PARKINDIGO.FR;01 40 16 42 57;190;;VISITEURS ET ABONNES;24h / 24;OUI;OUI;OUI;NON;OUI;01/08/2016;206,00;2143,00;OUI;1285,50;1714,00;NON;ND;01/09/2016;1,10;2,20;4,40;6,60;8,80;13,20;17,60;30,80;35,20;39,60;39,60;39,60;39,60;39,60;10;103,00;294,00;1072,00;2017-03-01;103,00;294,00;1072,00;23;1,20;72,00;206,00;750,00;10,00;652481.0187;6864848.9506;10E 10F 10G 19E 19F 19G 19H 19J 19K 19L 19M 19N 19P;0,30;0,60;10,80;OUI;450,00;600,00;NON;ND;2679,00;NON;"{""type"": ""Point"", ""coordinates"": [2.352048818187177, 48.881903856234615]}";48.8819038562, 2.35204881819
70;77;LAGRANGE MAUBERT;19 RUE LAGRANGE;19 RUE LAGRANGE;E1;5;SAEMES;WWW.SAEMES.FR;01 43 25 84 47;185;;VISITEURS ET ABONNES;24h / 24;PREVU;OUI;OUI;NON;NON;01/11/2014;245,00;2450,00;OUI;1330,00;1900,00;NON;ND;01/11/2014;0,90;1,80;3,60;5,40;7,20;10,80;14,40;25,20;28,80;32,40;32,40;32,40;32,40;32,40;3;122,50;343,00;1225,00;2017-03-01;122,50;343,00;1225,00;18;1,20;85,80;240,10;857,50;10,00;652202.7385;6861376.9162;1E 4E 5E 5F 5G 5H 5J 6E 6G;0,30;0,60;11,30;OUI;465,50;665,00;NON;ND;3062,50;NON;"{""type"": ""Point"", ""coordinates"": [2.348644987240127, 48.85065986536522]}";48.8506598654, 2.34864498724
83;21;MAIRIE DU 15 EME LECOURBE;141 RUE LECOURBE;141 RUE LECOURBE;E1;15;INDIGO;WWW.PARKINDIGO.FR;01 48 285708;190;;VISITEURS ET ABONNES;24h / 24;OUI, MAIS TRAVAUX D'ACCESSIBILITE AUX HANDICAPES A REALISER;OUI;OUI;OUI;OUI;01/08/2016;211,00;2194,00;NON;ND;ND;NON;ND;01/08/2016;0,95;1,90;3,80;5,70;7,60;11,40;15,20;26,60;30,40;34,20;34,20;34,20;34,20;34,20;9;105,50;301,00;1097,00;2017-03-01;105,50;301,00;1097,00;13;ND;74,00;210,00;770,00;10,00;648631.0722;6860406.5299;ND;ND;ND;ND;NON;ND;ND;NON;ND;2746,00;NON;"{""type"": ""Point"", ""coordinates"": [2.300091938883332, 48.84165837971217]}";48.8416583797, 2.30009193888
74;46;LOUVRE SAMARITAINE;3 PLACE DU LOUVRE;3 PLACE DU LOUVRE;E1;1;SPIE AUTOCITE;WWW.AUTOCITE.FR;01 42 60 19 14;190;;VISITEURS ET ABONNES;24h / 24;OUI;OUI;OUI;OUI;NON;01/01/2017;270,00;2700,00;OUI;1036,80;2160,00;NON;ND;01/01/2017;1,00;2,00;4,00;6,00;8,00;12,00;16,00;28,00;32,00;36,00;36,00;36,00;36,00;36,00;13;135,00;376,50;1350,00;2017-03-01;135,00;376,50;1350,00;43;1,40;94,50;263,50;945,00;10,00;651616.2079;6862348.4311;1E;0,35;0,70;12,60;OUI;362,90;756,00;NON;ND;3375,00;NON;"{""type"": ""Point"", ""coordinates"": [2.340541871684727, 48.85935283196569]}";48.859352832, 2.34054187168
40;12;FOCH;37 ET 47 ET 4 AVENUE FOCH;37 AVENUE FOCH;E1;16;SPIE AUTOCITE;WWW.AUTOCITE.FR;01 45 00 44 78;190;;VISITEURS ET ABONNES;24h / 24;OUI;OUI;OUI;OUI;NON;01/01/2016;295,00;2950,00;NON;ND;ND;OUI;2065,00;01/01/2016;2,10;3,15;4,20;6,30;8,40;12,60;16,80;29,40;33,60;37,80;42,00;42,00;42,00;42,00;8;147,50;413,00;1475,00;2017-03-01;147,50;413,00;1475,00;18;1,45;103,25;289,10;1032,50;10,00;647569.2869;6863811.9665;TOUT PARIS;0,75;1,10;14,70;NON;ND;ND;OUI;722,75;3687,50;NON;"{""type"": ""Point"", ""coordinates"": [2.285205751250707, 48.87219740665103]}";48.8721974067, 2.28520575125
41;12;FOCH;37 ET 47 ET 4 AVENUE FOCH;4 AVENUE FOCH;E2;16;SPIE AUTOCITE;WWW.AUTOCITE.FR;01 45 00 44 78;190;;VISITEURS ET ABONNES;24h / 24;OUI;OUI;OUI;OUI;NON;01/01/2016;295,00;2950,00;NON;ND;ND;OUI;2065,00;01/01/2016;2,10;3,15;4,20;6,30;8,40;12,60;16,80;29,40;33,60;37,80;42,00;42,00;42,00;42,00;8;147,50;413,00;1475,00;2017-03-01;147,50;413,00;1475,00;18;1,45;103,25;289,10;1032,50;10,00;648088.5671;6863976.6195;TOUT PARIS;0,75;1,10;14,70;NON;ND;ND;OUI;722,75;3687,50;NON;"{""type"": ""Point"", ""coordinates"": [2.292264661090535, 48.87372014795576]}";48.873720148, 2.29226466109
87;2;MALESHERBES ANJOU;22 ET 35 BOULEVARD MALESHERBES;35 BOULEVARD MALESHERBES;E2;8;INDIGO;WWW.PARKINDIGO.FR;01 42 65 06 11;190;;VISITEURS ET ABONNES;24h / 24;NON;OUI;NON;NON;NON;01/08/2016;ND;3001,00;NON;ND;ND;NON;ND;01/09/2016;1,20;2,40;4,80;7,20;9,60;14,40;19,20;33,60;38,40;39,60;39,60;39,60;39,60;39,60;0;ND;ND;ND;2017-03-01;ND;ND;1500,50;19;ND;103,00;277,00;997,00;ND;650184.0352;6863888.2504;ND;ND;ND;ND;NON;ND;ND;NON;ND;ND;NON;"{""type"": ""Point"", ""coordinates"": [2.320842181977296, 48.87309096043213]}";48.8730909604, 2.32084218198
79;132;MAILLOT PEREIRE (SURFACE);271 BOULEVARD PEREIRE;271 BOULEVARD PEREIRE;E1;17;SAEMES;WWW.SAEMES.FR;01 44 82 99 99;200;;ABONNES;24h / 24;ACCESSIBLE DE PLAIN PIED;NON;OUI;OUI;NON;01/01/2017;133,00;1330,00;OUI;798,00;1064,00;NON;ND;ND;ND;ND;ND;ND;ND;ND;ND;ND;ND;ND;ND;ND;ND;ND;2;66,50;190,00;665,00;2017-03-01;66,50;190,00;665,00;0;ND;ND;ND;ND;ND;647569.3539;6864465.4667;16E 16F 17E 17F 17G 17H;ND;ND;ND;NON;ND;ND;NON;ND;ND;NON;"{""type"": ""Point"", ""coordinates"": [2.285126008387427, 48.87807413675762]}";48.8780741368, 2.28512600839
76;127;LYON DIDEROT;196 RUE DE BERCY;196 RUE DE BERCY;E1;12;SAEMES;WWW.SAEMES.FR;01 53 17 63 08;190;;VISITEURS ET ABONNES;24h / 24;OUI;OUI;OUI;NON;NON;02/01/2014;ND;3350,00;NON;ND;ND;NON;ND;17/02/2017;1,00;2,00;4,00;6,00;8,00;12,00;16,00;28,00;32,00;33,50;33,50;33,50;33,50;33,50;6;ND;ND;ND;2017-03-01;ND;ND;ND;38;2,00;107,00;ND;ND;ND;653924.914;6860700.235;ND;0,50;1,00;16,75;NON;ND;ND;NON;ND;ND;NON;"{""type"": ""Point"", ""coordinates"": [2.372186164282644, 48.84469992987373]}";48.8446999299, 2.37218616428
37;13;EYLAU;6 AVENUE EYLAU;6 AVENUE D EYLAU;E1;16;INDIGO;WWW.PARKINDIGO.FR;01 47 04 75 81;190;;ABONNES;24h / 24;NON;NON;NON;NON;NON;ND;ND;ND;NON;ND;ND;NON;ND;ND;ND;ND;ND;ND;ND;ND;ND;ND;ND;ND;ND;ND;ND;ND;0;ND;ND;ND;2017-03-01;ND;ND;ND;0;ND;ND;ND;ND;ND;647627.2561;6862887.8864;ND;ND;ND;ND;NON;ND;ND;NON;ND;ND;OUI;"{""type"": ""Point"", ""coordinates"": [2.286109904018239, 48.86389210319559]}";48.8638921032, 2.28610990402
12;129;BERCY VEHICULES LEGERS;154 QUAI DE BERCY;154 QUAI DE BERCY;E1;12;SAEMES;WWW.SAEMES.FR;01 43 07 48 58;190;;VISITEURS ET ABONNES;24h / 24;OUI, MAIS TRAVAUX D'ACCESSIBILITE AUX HANDICAPES A REALISER;OUI;OUI;OUI;NON;01/07/2016;166,00;1660,00;NON;ND;ND;OUI;1162,00;01/07/2016;0,90;1,80;3,60;5,40;7,20;10,80;14,40;25,20;28,80;32,40;32,40;32,40;32,40;32,40;14;ND;ND;ND;2017-03-01;83,00;220,00;830,00;10;1,30;67,00;176,00;664,00;15,00;654657.9817;6859498.5961;12F 12G 12J 12K 12L 13K 13 P13R 13S;0,30;0,60;11,30;NON;ND;ND;OUI;498,00;ND;NON;"{""type"": ""Point"", ""coordinates"": [2.382302530858151, 48.83394550308926]}";48.8339455031, 2.38230253086
6;23;ANVERS;41 BOULEVARD ROCHECHOUART;41 BOULEVARD DE ROCHECHOUART;E1;9;SAEMES;WWW.SAEMES.FR;01 42 81 05 11;190;;VISITEURS ET ABONNES;24h / 24;OUI;OUI;OUI;NON;OUI;01/01/2017;224,00;2240,00;OUI;1247,00;1782,00;NON;ND;01/01/2017;0,95;1,85;3,65;5,50;7,30;10,95;14,60;25,55;29,20;32,85;32,85;32,85;32,85;32,85;10;112,00;319,20;1120,00;2017-03-01;112,00;319,20;1120,00;11;1,30;78,40;223,40;784,00;10,00;651920.8886;6864941.3624;9E 9F 9G 10G 18F 18G 18H;0,35;0,70;11,70;OUI;436,59;623,70;NON;ND;2800,00;NON;"{""type"": ""Point"", ""coordinates"": [2.344400979214491, 48.88269330904313]}";48.882693309, 2.34440097921
13;14;BERGSON;35 RUE DE LABORDE;35 RUE DE LABORDE;E1;8;INDIGO;WWW.PARKINDIGO.FR;01 45 22 84 96;190;;VISITEURS ET ABONNES;24h / 24;NON;OUI;OUI;NON;OUI;01/08/2016;307,00;3092,00;NON;ND;ND;OUI;2164,40;01/09/2016;1,20;2,40;4,80;7,20;9,60;14,40;19,20;33,60;38,40;39,60;39,60;39,60;39,60;39,60;0;ND;ND;ND;2017-03-01;153,50;423,30;1546,00;54;ND;96,00;273,60;998,40;ND;650138.2307;6864185.8349;8H 8J 8K 8L 9E 9G 17K 17R;ND;ND;ND;NON;ND;ND;NON;ND;3575,00;NON;"{""type"": ""Point"", ""coordinates"": [2.320182816695376, 48.87576351322498]}";48.8757635132, 2.3201828167
15;48;BOURSE;12 PLACE DE LA BOURSE;12 PLACE DE LA BOURSE;E1;2;INDIGO;WWW.PARKINDIGO.FR;01 42 96 47 04;190;;VISITEURS ET ABONNES;24h / 24;NON;OUI;OUI;OUI;OUI;01/08/2016;357,00;3914,00;NON;ND;ND;OUI;2739,80;01/09/2016;1,20;2,40;4,80;7,20;9,60;14,40;19,20;33,60;38,40;39,60;39,60;39,60;39,60;39,60;3;ND;ND;ND;2017-03-01;ND;ND;1957,00;64;ND;75,00;213,75;825,00;10,00;651653.9829;6863512.3035;1E 2E 3E 9E 9F 9G 10F 10G;ND;ND;ND;NON;ND;ND;NON;ND;ND;NON;"{""type"": ""Point"", ""coordinates"": [2.340924308094133, 48.86982217581348]}";48.8698221758, 2.34092430809
88;97;MANDEL 1 (SURFACE);2 AVENUE GEORGES MANDEL;2 AVENUE GEORGES MANDEL;E1;16;SAEMES;WWW.SAEMES.FR;01 44 82 99 99;200;;ABONNES;24h / 24;ACCESSIBLE DE PLAIN PIED;NON;OUI;NON;NON;01/01/2017;133,00;1330,00;OUI;798,00;1064,00;NON;ND;ND;ND;ND;ND;ND;ND;ND;ND;ND;ND;ND;ND;ND;ND;ND;3;66,50;190,00;665,00;2017-03-01;66,50;190,00;665,00;0;ND;ND;ND;ND;ND;647604.8023;6862821.6749;16F 16G 16H 16I 16J 16K 16L 16M 16N 16P;ND;ND;ND;NON;ND;ND;NON;ND;ND;NON;"{""type"": ""Point"", ""coordinates"": [2.285812016954334, 48.86329485145157]}";48.8632948515, 2.28581201695
16;94;CAMBRONNE (SURFACE);8 BOULEVARD GARIBALDI;8 BOULEVARD GARIBALDI;E1;15;SAEMES;WWW.SAEMES.FR;01 44 82 99 99;200;;ABONNES;24h / 24;ACCESSIBLE DE PLAIN PIED;NON;OUI;OUI;OUI;01/01/2017;103,60;1036,00;OUI;621,60;828,80;NON;ND;ND;ND;ND;ND;ND;ND;ND;ND;ND;ND;ND;ND;ND;ND;ND;3;52,00;148,00;518,00;2017-03-01;52,00;148,00;518,00;0;ND;ND;ND;ND;ND;648838.7378;6861035.772;7F 7H 7J 7K 15E 15F 15G 15K 15L 15M 15P;ND;ND;ND;NON;ND;ND;NON;ND;ND;NON;"{""type"": ""Point"", ""coordinates"": [2.302845568397108, 48.84733364684007]}";48.8473336468, 2.3028455684
11;62;BERCY RELAIS MERCURE;73 RUE DE BERCY;73 RUE DE BERCY;E1;12;SOCIETE SEIH_ACCOR_ALLSEASONS;SOCIETE SEIH;01 53 46 50 50;190;;VISITEURS ET ABONNES;24h / 24;NON;OUI;OUI;NON;NON;01/01/2013;155,00;1860,00;NON;ND;ND;NON;ND;01/07/2015;0,80;1,60;3,20;4,80;6,40;9,60;12,80;22,00;24,80;27,60;28,00;28,00;28,00;28,00;4;ND;ND;ND;2017-03-01;ND;ND;ND;0;ND;ND;ND;ND;ND;654594.2319;6859979.9154;ND;ND;ND;ND;NON;ND;ND;NON;ND;1680,00;NON;"{""type"": ""Point"", ""coordinates"": [2.381382729455035, 48.83826956688405]}";48.8382695669, 2.38138272946
101;82;MOZART;2 RUE DE LA CURE;2 RUE DE LA CURE;E1;16;SAEMES;WWW.SAEMES.FR;01 44 82 99 99;190;;ABONNES;24h / 24;OUI;OUI;NON;NON;NON;01/07/2016;ND;ND;NON;ND;ND;NON;ND;ND;ND;ND;ND;ND;ND;ND;ND;ND;ND;ND;ND;ND;ND;ND;0;ND;ND;ND;2017-03-01;ND;ND;ND;5;ND;ND;320,00;1128,00;ND;646338.2507;6861773.6824;ND;ND;ND;ND;NON;ND;ND;NON;ND;2821,00;NON;"{""type"": ""Point"", ""coordinates"": [2.268681190575788, 48.8537661911968]}";48.8537661912, 2.26868119058
46;70;GAY LUSSAC;45 RUE GAY LUSSAC;45 RUE GAY LUSSAC;E1;5;SAEMES;WWW.SAEMES.FR;01 44 82 99 99;195;;ABONNES;24h / 24;NON;OUI;NON;NON;NON;01/07/2015;ND;ND;NON;ND;ND;NON;ND;ND;ND;ND;ND;ND;ND;ND;ND;ND;ND;ND;ND;ND;ND;ND;0;ND;ND;ND;2017-03-01;ND;ND;ND;3;ND;ND;231,00;ND;ND;651813.0268;6860398.6184;ND;ND;ND;ND;NON;ND;ND;NON;ND;1600,00;NON;"{""type"": ""Point"", ""coordinates"": [2.343445300079734, 48.84183302279836]}";48.8418330228, 2.34344530008
50;71;GOURAUD;4 AVENUE EMILE POUVILLON;4 AVENUE EMILE POUVILLON;E1;7;INDIGO;WWW.PARKINDIGO.FR;01 45 51 57 17;190;;ABONNES;24h / 24;NON;NON;NON;NON;NON;ND;ND;ND;NON;ND;ND;NON;ND;ND;ND;ND;ND;ND;ND;ND;ND;ND;ND;ND;ND;ND;ND;ND;0;ND;ND;ND;2017-03-01;ND;ND;ND;0;ND;ND;ND;ND;ND;648587.2638;6862184.6568;ND;ND;ND;ND;NON;ND;ND;NON;ND;ND;OUI;"{""type"": ""Point"", ""coordinates"": [2.299280086588909, 48.857645423424415]}";48.8576454234, 2.29928008659
120;38;PORTE DE CLIGNANCOURT;20 AVENUE DE LA PORTE DE CLIGNANCOURT;20 AVENUE DE LA PORTE DE CLIGNANCOURT;E1;18;SAGS;WWW.SAGS.FR;01 42 64 03 82;190;230;VISITEURS ET ABONNES;24h / 24;OUI;OUI;OUI;NON;NON;01/01/2015;102,00;1020,00;OUI;405,00;810,00;NON;ND;01/01/2015;0,70;1,40;2,80;4,20;5,60;8,40;11,20;19,60;20,00;20,00;20,00;20,00;20,00;20,00;18;51,00;143,00;510,00;2017-03-01;51,00;143,00;510,00;16;1,00;35,70;100,10;357,00;10,00;651950.991;6866858.0397;18E 18F 18G 18H 18J 18K 18L 18M 18N 18P 18R 18S 18T;0,20;0,50;7,00;OUI;141,75;283,50;NON;ND;1275,00;NON;"{""type"": ""Point"", ""coordinates"": [2.344594506515061, 48.89993149976069]}";48.8999314998, 2.34459450652
156;151;TRES GRANDE BIBLIOTHEQUE (RIVE GAUCHE);20 RUE EMILE DURKHEIM ET 24 RUE NEUVE TOLBIAC;24 RUE NEUVE TOLBIAC;E2;13;INDIGO;WWW.PARKINDIGO.FR;01 44 06 60 50;190;;VISITEURS ET ABONNES;24h / 24;OUI;OUI;OUI;OUI;OUI;01/09/2016;235,00;2350,00;OUI;1410,00;1880,00;NON;ND;01/09/2016;0,90;1,80;3,60;5,40;7,20;10,80;14,40;25,20;28,80;32,40;32,40;32,40;32,40;32,40;11;118,00;329,00;1175,00;2017-03-01;118,00;329,00;1175,00;16;1,20;82,00;230,00;823,00;10,00;654329.957;6859219.484;5F 12E 12F 13J 13K 13L 13M 13N 13P 13R 13S;0,30;0,60;10,80;OUI;493,50;658,00;NON;ND;2938,00;NON;"{""type"": ""Point"", ""coordinates"": [2.377863969588443, 48.83141225312946]}";48.8314122531, 2.37786396959
153;36;TERNES;38 ET 61 AVENUE DES TERNES;61 AVENUE DES TERNES;E2;17;SPIE AUTOCITE;WWW.AUTOCITE.FR;01 45 72 17 61;185;;VISITEURS ET ABONNES;24h / 24;NON;OUI;OUI;OUI;NON;01/12/2013;220,00;2200,00;OUI;960,00;1600,00;NON;ND;01/12/2013;0,90;1,80;3,60;5,40;7,20;10,80;14,40;25,20;28,80;32,40;32,40;32,40;32,40;32,40;22;110,00;308,00;1100,00;2017-03-01;110,00;308,00;1100,00;100;1,20;77,00;216,00;770,00;10,00;648042.7582;6864573.0044;8F 8G 16E 16F 16G 17E 17F 17G 17H 17J 17L 17M 17N;0,30;0,60;10,80;OUI;336,00;560,00;NON;ND;ND;NON;"{""type"": ""Point"", ""coordinates"": [2.291567212340507, 48.879079556256094]}";48.8790795563, 2.29156721234
150;50;SOUFFLOT;18 ET 19  RUE SOUFFLOT;19 RUE SOUFFLOT;E2;5;INDIGO;WWW.PARKINDIGO.FR;01 43 26 15 54;190;;VISITEURS ET ABONNES;24h / 24;OUI, MAIS TRAVAUX D'ACCESSIBILITE AUX HANDICAPES A REALISER;OUI;OUI;OUI;OUI;01/08/2016;239,00;2486,00;NON;ND;ND;NON;ND;01/01/2017;1,05;2,10;4,20;6,30;8,40;12,60;16,80;29,40;33,60;37,80;37,80;37,80;37,80;37,80;9;119,50;341,00;1243,00;2017-03-01;119,50;341,00;1243,00;33;1,20;83,60;238,70;870,10;10,10;651671.8227;6860981.0898;ND;0,30;0,60;10,80;NON;ND;ND;NON;ND;3077,00;NON;"{""type"": ""Point"", ""coordinates"": [2.341455275574806, 48.847060610696246]}";48.8470606107, 2.34145527557
132;116;RIVOLI SEBASTOPOL;1 RUE PERNELLE;1 RUE PERNELLE;E1;4;SAEMES;WWW.SAEMES.FR;01 42 72 29 93;185;;VISITEURS ET ABONNES;24h / 24;NON;OUI;OUI;OUI;NON;01/07/2016;242,00;2420,00;NON;ND;ND;OUI;1694,00;01/07/2015;1,00;2,00;4,00;6,00;8,00;12,00;16,00;28,00;32,00;36,00;36,00;36,00;36,00;36,00;2;ND;ND;ND;2017-03-01;121,00;309,00;1210,00;17;1,40;97,00;247,00;968,00;ND;652332.3711;6862237.7104;1E 2E 3E 4E 34F 5G 5J;0,40;0,70;12,60;NON;ND;ND;OUI;726,00;3231,00;NON;"{""type"": ""Point"", ""coordinates"": [2.350314956655983, 48.858410523497334]}";48.8584105235, 2.35031495666
138;87;SAINT JACQUES 1 (SURFACE);83 BOULEVARD SAINT JACQUES;83 BOULEVARD SAINT JACQUES;E1;14;SAEMES;WWW.SAEMES.FR;01 44 82 99 99;200;;ABONNES;24h / 24;ACCESSIBLE DE PLAIN PIED;NON;OUI;OUI;OUI;01/01/2017;103,60;1036,00;OUI;621,60;828,80;NON;ND;ND;ND;ND;ND;ND;ND;ND;ND;ND;ND;ND;ND;ND;ND;ND;2;52,00;148,00;518,00;2017-03-01;52,00;148,00;518,00;0;ND;ND;ND;ND;ND;651085.6278;6859479.3629;5E 6G 13G 13H 14H 14J 14K 14L 14M 14N 14P;ND;ND;ND;NON;ND;ND;NON;ND;ND;NON;"{""type"": ""Point"", ""coordinates"": [2.333640542426452, 48.83351131678849]}";48.8335113168, 2.33364054243
136;160;SAINT GERMAIN (GARAGE);169 BOULEVARD SAINT GERMAIN;169 BOULEVARD SAINT GERMAIN;E1;6;INDIGO;WWW.PARKINDIGO.FR;01 45 49 18 55;190;;ABONNES;24h / 24;OUI;OUI;NON;NON;NON;24/12/2016;325,00;3250,00;OUI;1950,00;2600,00;NON;ND;ND;ND;ND;ND;ND;ND;ND;ND;ND;ND;ND;ND;ND;ND;ND;0;162,50;455,00;1625,00;2017-03-01;162,50;455,00;1625,00;0;ND;ND;ND;ND;10,00;650918.1711;6861771.406;1E 4E 5E 5H 5J 6E 6F 6G 7L 7M 7N;ND;ND;ND;NON;ND;ND;NON;ND;4358,00;NON;"{""type"": ""Point"", ""coordinates"": [2.331094890665365, 48.85411090637123]}";48.8541109064, 2.33109489067
162;4;VILLIERS;14 AVENUE DE VILLIERS;14 AVENUE DE VILLIERS;E1;17;INDIGO;WWW.PARKINDIGO.FR;01 47 63 44 91;190;;VISITEURS ET ABONNES;24h / 24;OUI, MAIS TRAVAUX D'ACCESSIBILITE AUX HANDICAPES A REALISER;OUI;OUI;NON;NON;01/08/2016;311,00;3234,00;NON;ND;ND;NON;ND;01/01/2017;1,05;2,10;4,20;6,30;8,40;12,60;16,80;29,40;33,60;37,80;37,80;37,80;37,80;37,80;1;155,50;443,00;1617,00;2017-03-01;155,50;443,00;1617,00;9;1,20;109,00;310,00;1134,00;10,00;649708.5318;6864878.1439;ND;0,30;0,60;10,80;NON;ND;ND;NON;ND;4046,00;NON;"{""type"": ""Point"", ""coordinates"": [2.314242607901708, 48.88195582063875]}";48.8819558206, 2.3142426079
159;6;VENDOME;26 PLACE VENDOME;26 PLACE VENDOME;E1;1;INDIGO;WWW.PARKINDIGO.FR;01 42 60 50 00;190;;VISITEURS ET ABONNES;24h / 24;ELEVATEUR PREVU;OUI;NON;NON;NON;01/08/2016;294,00;3040,00;NON;ND;ND;OUI;2128,00;01/09/2016;1,20;2,40;4,80;7,20;9,60;14,40;19,20;33,60;38,40;39,60;39,60;39,60;39,60;39,60;30;ND;ND;ND;2017-03-01;ND;ND;1520,00;0;1,60;76,50;218,00;795,60;ND;650865.3421;6863304.9314;1E 2E 6E 7L 8E 8H 8K 9G;0,40;0,80;13,60;NON;ND;ND;NON;ND;3953,00;NON;"{""type"": ""Point"", ""coordinates"": [2.330197676111157, 48.867897643255695]}";48.8678976433, 2.33019767611
161;59;VICTOR HUGO POMPE;122 AVENUE VICTOR HUGO;122 AVENUE VICTOR HUGO;E1;16;INDIGO;WWW.PARKINDIGO.FR;01 47 27 22 69;190;;VISITEURS ET ABONNES;24h / 24;NON;NON;OUI;NON;OUI;01/08/2016;315,00;3276,00;NON;ND;ND;NON;ND;01/01/2017;1,15;2,30;4,60;6,90;9,20;13,80;18,40;32,20;36,80;39,60;39,60;39,60;39,60;39,60;0;157,50;449,00;1638,00;2017-03-01;157,50;449,00;1638,00;0;1,60;110,00;314,00;1147,00;10,00;647228.2267;6863326.622;ND;0,40;0,80;13,60;NON;ND;ND;NON;ND;4095,00;NON;"{""type"": ""Point"", ""coordinates"": [2.280616572772571, 48.86780498094872]}";48.8678049809, 2.28061657277
163;123;WAGRAM COURCELLES;103 RUE JOUFFROY D ABBANS;103 RUE JOUFFROY D ABBANS;E1;17;INDIGO;WWW.PARKINDIGO.FR;01 47 63 75 83;190;;VISITEURS ET ABONNES;24h / 24;OUI;OUI;NON;NON;OUI;01/08/2016;305,00;3172,00;NON;ND;ND;NON;ND;01/09/2016;1,20;2,40;4,80;7,20;9,60;14,40;19,20;33,60;38,40;39,60;39,60;39,60;39,60;39,60;5;ND;ND;ND;2017-03-01;ND;ND;1586,00;10;ND;122,00;348,00;1269,00;ND;648767.3724;6864872.3366;ND;ND;ND;ND;NON;ND;ND;NON;ND;3713,00;NON;"{""type"": ""Point"", ""coordinates"": [2.3014106417868, 48.881829405666736]}";48.8818294057, 2.30141064179
22;107;CHAMPS ELYSEES;62 AVENUE CHAMPS ELYSEES;62 AVENUE DES CHAMPS ELYSEES;E1;8;INDIGO;WWW.PARKINDIGO.FR;01 45 61 40 79;190;;VISITEURS ET ABONNES;24h / 24;OUI;OUI;NON;NON;NON;01/08/2016;264,00;2626,50;NON;ND;ND;OUI;1838,55;01/09/2016;1,20;2,40;4,80;7,20;9,60;14,40;19,20;33,60;38,40;39,60;39,60;39,60;39,60;39,60;11;ND;ND;ND;2017-03-01;132,00;367,00;1313,25;40;ND;72,00;206,00;727,00;ND;649061.3723;6863642.4694;8E 8F 8G 8H 8J 16E 16F 16G 16H 16I 16J 17E;ND;ND;ND;NON;ND;ND;NON;ND;ND;NON;"{""type"": ""Point"", ""coordinates"": [2.305566789133462, 48.87079290164241]}";48.8707929016, 2.30556678913
58;31;HAUSSMANN BERRI;161 ET 162 BOULEVARD HAUSSMANN;162 BOULEVARD HAUSSMANN;E2;8;INDIGO;WWW.PARKINDIGO.FR;01 45 63 94 62;190;;VISITEURS ET ABONNES;24h / 24;NON;OUI;NON;NON;NON;01/08/2016;285,00;2844,00;NON;ND;ND;OUI;1990,80;01/09/2016;1,20;2,40;4,80;7,20;9,60;14,40;19,20;33,60;38,40;39,60;39,60;39,60;39,60;39,60;3;ND;ND;ND;2017-03-01;ND;ND;1422,00;24;ND;ND;317,00;ND;ND;649377.5795;6864132.5171;8E 8F 8G 8H 8J 8K 8L 17E 17H 17J 17K 17L 17P 17R;ND;ND;ND;NON;ND;ND;NON;ND;3243,60;NON;"{""type"": ""Point"", ""coordinates"": [2.309818948412663, 48.87522470008275]}";48.8752247001, 2.30981894841
62;15;HOCHE;14 ET 29 AVENUE HOCHE;14 AVENUE HOCHE;E1;8;INDIGO;WWW.PARKINDIGO.FR;01 42 25 75 47;190;;VISITEURS ET ABONNES;24h / 24;OUI, MAIS TRAVAUX D'ACCESSIBILITE AUX HANDICAPES A REALISER;OUI;NON;NON;NON;01/08/2016;295,00;3068,00;NON;ND;ND;NON;ND;01/09/2016;1,20;2,40;4,80;7,20;9,60;14,40;19,20;33,60;38,40;39,60;39,60;39,60;39,60;39,60;10;ND;ND;ND;2017-03-01;ND;ND;1539,00;13;ND;171,00;487,00;1778,00;ND;648816.419;6864328.6228;ND;ND;ND;ND;NON;ND;ND;NON;ND;3224,00;NON;"{""type"": ""Point"", ""coordinates"": [2.30214490918861, 48.87694386587107]}";48.8769438659, 2.30214490919
60;136;HENRI MARTIN 1 (SURFACE);95 AVENUE HENRI MARTIN;95 AVENUE HENRI MARTIN;E1;16;SAEMES;WWW.SAEMES.FR;01 44 82 99 99;200;;ABONNES;24h / 24;ACCESSIBLE DE PLAIN PIED;NON;OUI;NON;NON;01/01/2017;139,40;1394,00;OUI;836,25;1115,00;NON;ND;ND;ND;ND;ND;ND;ND;ND;ND;ND;ND;ND;ND;ND;ND;ND;1;69,70;199,00;697,00;2017-03-01;69,70;199,00;697,00;0;ND;ND;ND;ND;ND;646677.7464;6862910.2289;16J 16K 16L 16M 16N 16P 16R 16S;ND;ND;ND;NON;ND;ND;NON;ND;ND;NON;"{""type"": ""Point"", ""coordinates"": [2.273165108941483, 48.864015124613395]}";48.8640151246, 2.27316510894
55;74;GROS BOULAINVILLIERS;15 RUE DE BOULAINVILLIERS;15 RUE DE BOULAINVILLIERS;E1;16;SAEMES;WWW.SAEMES.FR;01 44 82 99 99;195;;ABONNES;24h / 24;NON;OUI;NON;NON;NON;01/07/2016;ND;ND;NON;ND;ND;NON;ND;ND;ND;ND;ND;ND;ND;ND;ND;ND;ND;ND;ND;ND;ND;ND;0;ND;179,00;ND;2017-03-01;ND;ND;ND;6;ND;106,00;286,00;1081,00;ND;646877.7131;6861626.4751;ND;ND;ND;ND;NON;ND;ND;NON;ND;2703,00;NON;"{""type"": ""Point"", ""coordinates"": [2.2760511285856833, 48.85248708298225]}";48.852487083, 2.27605112859
59;115;HECTOR MALOT;61 AVENUE DAUMESNIL;61 AVENUE DAUMESNIL;E1;12;SAEMES;WWW.SAEMES.FR;01 44 82 99 99;200;;ABONNES;24h / 24;OUI;OUI;OUI;NON;NON;01/07/2016;ND;ND;NON;ND;ND;NON;ND;ND;ND;ND;ND;ND;ND;ND;ND;ND;ND;ND;ND;ND;ND;ND;6;ND;117,00;447,00;2017-03-01;ND;ND;ND;36;ND;72,00;187,00;714,00;15,00;654233.34;6860953.5295;ND;ND;ND;ND;NON;ND;ND;NON;ND;1786,00;NON;"{""type"": ""Point"", ""coordinates"": [2.376361308243498, 48.84699979081419]}";48.8469997908, 2.37636130824
19;105;CARPEAUX;7 RUE CARPEAUX;7 RUE CARPEAUX;E1;18;SAEMES;WWW.SAEMES.FR;01 44 82 99 99;190;;ABONNES;24h / 24;NON;OUI;NON;NON;NON;01/07/2016;ND;ND;NON;ND;ND;NON;ND;ND;ND;ND;ND;ND;ND;ND;ND;ND;ND;ND;ND;ND;ND;ND;0;ND;117,00;ND;2017-03-01;ND;ND;ND;5;ND;70,00;186,00;678,00;ND;650857.805;6865802.8063;ND;ND;ND;ND;NON;ND;ND;NON;ND;1696,00;NON;"{""type"": ""Point"", ""coordinates"": [2.329805934836366, 48.89035971288383]}";48.8903597129, 2.32980593484
68;108;JOUFFROY;6 RUE JOUFFROY D ABBANS;6 RUE JOUFFROY D ABBANS;E1;17;INDIGO;WWW.PARKINDIGO.FR;01 43 80 73 81;190;;ABONNES;24h / 24;NON;NON;NON;NON;NON;01/08/2016;ND;ND;NON;ND;ND;NON;ND;ND;ND;ND;ND;ND;ND;ND;ND;ND;ND;ND;ND;ND;ND;ND;0;ND;ND;ND;2017-03-01;ND;ND;ND;0;ND;ND;ND;ND;ND;649630.4241;6865461.9048;ND;ND;ND;ND;NON;ND;ND;NON;ND;ND;OUI;"{""type"": ""Point"", ""coordinates"": [2.31310836979106, 48.88719926799184]}";48.887199268, 2.31310836979
30;73;DAMREMONT;73 RUE DAMREMONT;73 RUE DAMREMONT;E1;18;SAEMES;WWW.SAEMES.FR;01 44 82 99 99;220;;ABONNES;24h / 24;NON;OUI;NON;NON;OUI;01/07/2016;ND;ND;NON;ND;ND;NON;ND;ND;ND;ND;ND;ND;ND;ND;ND;ND;ND;ND;ND;ND;ND;ND;0;ND;ND;ND;2017-03-01;ND;ND;ND;8;ND;ND;214,00;802,00;ND;651292.9268;6866078.3552;ND;ND;ND;ND;NON;ND;ND;NON;ND;2005,00;NON;"{""type"": ""Point"", ""coordinates"": [2.335708167550798, 48.89287067974816]}";48.8928706797, 2.33570816755
66;162;JEAN BOUIN;RUE NUNGESSER ET COLI;RUE NUNGESSER ET COLI;E1;16;SPIE AUTOCITE;WWW.AUTOCITE.FR;01 46 51 28 68;190;;VISITEURS ET ABONNES;07h / 21h;OUI;OUI;OUI;NON;NON;01/11/2016;136,00;1360,00;OUI;812,00;1120,00;NON;ND;01/11/2016;0,80;1,60;3,20;4,80;6,40;9,60;12,80;22,40;25,60;28,80;28,80;28,80;28,80;28,80;11;68,00;191,00;680,00;2017-03-01;68,00;191,00;680,00;108;1,10;48,00;134,00;476,00;10,00;645117.4348;6860743.8521;16R 16S 16T 16U 16V 16W 16X 16Y 16Z + riverains rue Ningesser et Coli de Boulogne;0,30;0,55;9,90;OUI;284,20;392,00;NON;ND;1700,00;NON;"{""type"": ""Point"", ""coordinates"": [2.2521774348089822, 48.84440222548764]}";48.8444022255, 2.25217743481
29;104;CROIX DES PETITS CHAMPS;14 RUE CROIX DES PETITS CHAMPS;15 RUE CROIX DES PETITS CHAMPS;E1;1;INDIGO;WWW.PARKINDIGO.FR;01 47 03 92 21;190;;VISITEURS ET ABONNES;24h / 24;OUI, MAIS TRAVAUX D'ACCESSIBILITE AUX HANDICAPES A REALISER;OUI;OUI;NON;OUI;01/08/2016;377,00;3921,00;NON;ND;ND;NON;ND;01/07/2016;1,15;2,30;4,60;6,90;9,20;13,80;18,40;32,20;36,80;39,60;39,60;39,60;39,60;39,60;7;188,50;537,00;1960,50;2017-03-01;188,50;537,00;1960,50;17;1,60;112,20;320,00;1167,70;10,20;651542.0795;6862785.5491;ND;0,40;0,80;13,60;NON;ND;ND;NON;ND;4901,00;NON;"{""type"": ""Point"", ""coordinates"": [2.339481732900379, 48.8632781995297]}";48.8632781995, 2.3394817329
28;24;CONCORDE;2 AVENUE GABRIEL;2 AVENUE GABRIEL;E1;8;INDIGO;WWW.PARKINDIGO.FR;01 43 12 80 70;190;;VISITEURS ET ABONNES;24h / 24;NON;OUI;OUI;OUI;NON;01/08/2016;233,00;2342,00;OUI;1404,00;1872,00;NON;ND;01/07/2015;1,10;2,20;4,40;6,60;8,80;13,20;17,60;30,80;35,20;39,60;39,60;39,60;39,60;39,60;10;116,50;332,00;1171,00;2017-03-01;116,50;332,00;1171,00;17;1,20;71,00;202,00;732,00;10,40;650147.3038;6863252.5609;1E 2E 7G 7L 8E 8H 9G;0,30;0,60;11,00;NON;ND;ND;NON;ND;2937,60;NON;"{""type"": ""Point"", ""coordinates"": [2.320416021428223, 48.86737151179913]}";48.8673715118, 2.32041602143
86;2;MALESHERBES ANJOU;22 ET 35 BOULEVARD MALESHERBES;22 BOULEVARD MALESHERBES;E1;8;INDIGO;WWW.PARKINDIGO.FR;01 42 65 06 11;190;;VISITEURS ET ABONNES;24h / 24;NON;OUI;NON;NON;NON;01/08/2016;ND;3001,00;NON;ND;ND;NON;ND;01/09/2016;1,20;2,40;4,80;7,20;9,60;14,40;19,20;33,60;38,40;39,60;39,60;39,60;39,60;39,60;0;ND;ND;ND;2017-03-01;ND;ND;1500,50;19;ND;103,00;277,00;997,00;ND;650244.5512;6863842.4424;ND;ND;ND;ND;NON;ND;ND;NON;ND;ND;NON;"{""type"": ""Point"", ""coordinates"": [2.321672541137676, 48.872683698763616]}";48.8726836988, 2.32167254114
61;137;HENRI MARTIN 2 (SURFACE);84 AVENUE HENRI MARTIN;84 AVENUE HENRI MARTIN;E1;16;SAEMES;WWW.SAEMES.FR;01 44 82 99 99;200;;ABONNES;24h / 24;ACCESSIBLE DE PLAIN PIED;NON;OUI;OUI;NON;01/01/2017;139,40;1394,00;OUI;836,25;1115,00;NON;ND;ND;ND;ND;ND;ND;ND;ND;ND;ND;ND;ND;ND;ND;ND;ND;2;69,70;199,00;697,00;2017-03-01;69,70;199,00;697,00;0;ND;ND;ND;ND;ND;646538.6764;6862901.7917;16J 16K 16L 16M 16N 16P 16R 16S;ND;ND;ND;NON;ND;ND;NON;ND;ND;NON;"{""type"": ""Point"", ""coordinates"": [2.271270616567385, 48.863927723744645]}";48.8639277237, 2.27127061657
35;109;ETOILE FRIEDLAND;16 ET 41  AVENUE FRIEDLAND;41 AVENUE DE FRIEDLAND;E2;8;INDIGO;WWW.PARKINDIGO.FR;01 42 89 69 64;190;;VISITEURS ET ABONNES;24h / 24;OUI;OUI;NON;NON;NON;01/08/2016;292,00;2936,00;NON;ND;ND;NON;ND;01/09/2016;1,20;2,40;4,80;7,20;9,60;14,40;19,20;33,60;38,40;39,60;39,60;39,60;39,60;39,60;6;ND;ND;ND;2017-03-01;ND;ND;1468,00;5;ND;ND;ND;ND;ND;648578.5631;6863999.7158;ND;ND;ND;ND;NON;ND;ND;NON;ND;ND;NON;"{""type"": ""Point"", ""coordinates"": [2.298941880979487, 48.87396715524849]}";48.8739671552, 2.29894188098
32;111;DIDOT;4 RUE DIDOT;4 RUE DIDOT;E1;14;SAEMES;WWW.SAEMES.FR;01 44 82 99 99;190;;ABONNES;24h / 24;OUI;OUI;NON;NON;OUI;01/07/2015;ND;ND;NON;ND;ND;NON;ND;ND;ND;ND;ND;ND;ND;ND;ND;ND;ND;ND;ND;ND;ND;ND;4;ND;107,00;1612,00;2017-03-01;ND;ND;ND;15;ND;68,00;170,00;645,00;ND;650192.8852;6859530.4585;ND;ND;ND;ND;NON;ND;ND;NON;ND;1848,00;NON;"{""type"": ""Point"", ""coordinates"": [2.321473340944152, 48.83390245079516]}";48.8339024508, 2.32147334094
21;75;CHAMPAGNY;13 RUE CASIMIR PERIER;13 RUE CASIMIR PERIER;E1;7;SAEMES;WWW.SAEMES.FR;01 44 82 99 99;190;;ABONNES;24h / 24;NON;NON;NON;NON;NON;01/07/2016;ND;ND;NON;ND;ND;NON;ND;ND;ND;ND;ND;ND;ND;ND;ND;ND;ND;ND;ND;ND;ND;ND;0;ND;ND;ND;2017-03-01;ND;ND;ND;0;ND;ND;ND;ND;ND;650068.5712;6862211.2327;ND;ND;ND;ND;NON;ND;ND;NON;ND;3350,00;NON;"{""type"": ""Point"", ""coordinates"": [2.31946514223471, 48.85800093033438]}";48.8580009303, 2.31946514223
124;51;PORTE D ORLEANS;6 RUE DE LA LEGION ETRANGERE ET AVENUE DE LA PORTE D ORLEANS;1 RUE DE LA LEGION ETRANGERE;E1;14;SAEMES;WWW.SAEMES.FR;01 40 52 09 20;185;280;VISITEURS ET ABONNES;24h / 24;OUI, MAIS TRAVAUX D'ACCESSIBILITE AUX HANDICAPES A REALISER;OUI;OUI;OUI;OUI;01/01/2017;140,00;1400,00;OUI;840,00;1120,00;NON;ND;01/01/2017;0,80;1,60;3,25;4,85;6,50;9,75;13,00;22,75;26,00;29,25;29,25;29,25;29,25;29,25;14;70,00;196,00;700,00;2017-03-01;70,00;196,00;700,00;24;1,15;49,00;137,20;490,00;15,00;650429.8431;6858119.8293;TOUT PARIS;0,30;0,60;10,35;OUI;294,00;392,00;NON;ND;1820,00;NON;"{""type"": ""Point"", ""coordinates"": [2.324865585002303, 48.82123476994098]}";48.8212347699, 2.324865585
49;20;GEORGE V;103 AVENUE DES CHAMPS ELYSEES ET 32 AVENUE GEORGE V;32 AVENUE GEORGE V;E2;8;INDIGO;WWW.PARKINDIGO.FR;01 47 20 02 68;190;;VISITEURS ET ABONNES;24h / 24;OUI, MAIS TRAVAUX D'ACCESSIBILITE AUX HANDICAPES A REALISER;OUI;NON;OUI;OUI;01/08/2016;265,00;2756,00;NON;ND;ND;OUI;1929,20;01/09/2016;1,20;2,40;4,80;7,20;9,60;14,40;19,20;33,60;38,40;39,60;39,60;39,60;39,60;39,60;17;ND;ND;ND;2017-03-01;132,50;377,50;1378,00;25;ND;108,00;308,00;1084,00;ND;648753.0356;6863435.1551;8E 8F 8G 8H 8J 16E 16F 16G 16H 16I 16J 17E;ND;ND;ND;NON;ND;ND;NON;ND;4156,50;NON;"{""type"": ""Point"", ""coordinates"": [2.301388537285164, 48.86890411637127]}";48.8689041164, 2.30138853729
112;53;PLACE VICTOR HUGO;76 AVENUE VICTOR HUGO;76 AVENUE VICTOR HUGO;E1;16;INDIGO;WWW.PARKINDIGO.FR;01 47 04 75 81;190;;VISITEURS ET ABONNES;24h / 24;OUI;OUI;OUI;NON;NON;01/08/2016;315,00;3276,00;NON;ND;ND;NON;ND;01/01/2017;1,15;2,30;4,60;6,90;9,20;13,80;18,40;32,20;36,80;39,60;39,60;39,60;39,60;39,60;5;157,50;449,00;1638,00;2017-03-01;157,50;449,00;1638,00;24;1,60;110,00;314,00;1147,00;10,00;647514.3316;6863506.5273;ND;0,40;0,80;13,60;NON;ND;ND;NON;ND;4095,00;NON;"{""type"": ""Point"", ""coordinates"": [2.284494311188787, 48.869446200015354]}";48.8694462, 2.28449431119
100;19;MONTPARNASSE;120 ET 141 BOULEVARD MONTPARNASSE;141 BOULEVARD DU MONTPARNASSE;E2;14;INDIGO;WWW.PARKINDIGO.FR;01 43 22 51 89;190;;VISITEURS ET ABONNES;24h / 24;NON;OUI;OUI;NON;NON;01/08/2016;209,00;2174,00;NON;ND;ND;NON;ND;01/09/2016;1,10;2,20;4,40;6,60;8,80;13,20;17,60;30,80;35,20;39,60;39,60;39,60;39,60;39,60;0;ND;ND;ND;2017-03-01;ND;ND;1087,00;33;ND;79,00;225,00;822,00;ND;651032.7565;6860328.3785;ND;ND;ND;ND;NON;ND;ND;NON;ND;2714,00;NON;"{""type"": ""Point"", ""coordinates"": [2.332822588799688, 48.8411425363487]}";48.8411425363, 2.3328225888
89;149;MANDEL 2 (SURFACE);69 AVENUE GEORGES MANDEL;69 AVENUE GEORGES MANDEL;E1;16;SAEMES;WWW.SAEMES.FR;01 44 82 99 99;200;;ABONNES;24h / 24;ACCESSIBLE DE PLAIN PIED;NON;OUI;NON;OUI;01/01/2017;133,00;1330,00;OUI;798,00;1064,00;NON;ND;ND;ND;ND;ND;ND;ND;ND;ND;ND;ND;ND;ND;ND;ND;ND;2;66,50;190,00;665,00;2017-03-01;66,50;190,00;665,00;0;ND;ND;ND;ND;ND;647000.6554;6862887.5288;16F 16G 16H 16I 16J 16K 16L 16M 16N 16P;ND;ND;ND;NON;ND;ND;NON;ND;ND;NON;"{""type"": ""Point"", ""coordinates"": [2.277569261485475, 48.86383763695142]}";48.863837637, 2.27756926149
106;141;PASTEUR 1 (SURFACE);40 BOULEVARD PASTEUR;40 BOULEVARD PASTEUR;E1;15;SAEMES;WWW.SAEMES.FR;01 44 82 99 99;200;;ABONNES;24h / 24;ACCESSIBLE DE PLAIN PIED;NON;OUI;OUI;NON;01/01/2017;103,60;1036,00;OUI;621,60;828,80;NON;ND;ND;ND;ND;ND;ND;ND;ND;ND;ND;ND;ND;ND;ND;ND;ND;1;52,00;148,00;518,00;2017-03-01;52,00;148,00;518,00;0;ND;ND;ND;ND;ND;649580.4243;6860415.5688;6F 7K 7N 14M 14N 15G 15H 15J 15K 15R;ND;ND;ND;NON;ND;ND;NON;ND;ND;NON;"{""type"": ""Point"", ""coordinates"": [2.313025249619883, 48.84181464393616]}";48.8418146439, 2.31302524962
133;159;ROND POINT (GARAGE);1 AVENUE MATIGNON;1 AVENUE MATIGNON;E1;8;SAEMES;WWW.SAEMES.FR;01 44 82 99 99;190;;ABONNES;24h / 24;OUI;OUI;OUI;NON;NON;01/01/2016;251,00;2510,00;OUI;1400,00;2000,00;NON;ND;ND;ND;ND;ND;ND;ND;ND;ND;ND;ND;ND;ND;ND;ND;ND;0;125,50;357,50;1255,00;2017-03-01;125,50;357,50;1255,00;0;ND;ND;ND;ND;10,00;649454.5665;6863510.4723;1E 2E 7G 7L 8E 8F 8G 8H 8J 8K 9G;ND;ND;ND;NON;ND;ND;NON;ND;3137,50;NON;"{""type"": ""Point"", ""coordinates"": [2.310942533945341, 48.86963686106196]}";48.8696368611, 2.31094253395
10;124;BAUDOYER;44 RUE DE RIVOLI;44 RUE DE RIVOLI;E1;4;REALPARK S.A.;WWW.REALPARK.FR;01 42 77 00 38;195;;VISITEURS ET ABONNES;24h / 24;OUI;OUI;OUI;NON;NON;01/03/2014;249,00;2500,00;NON;ND;ND;NON;ND;01/03/2017;1,10;2,20;4,40;6,60;8,80;13,20;17,60;30,40;34,00;36,80;36,80;36,80;36,80;36,80;6;ND;ND;ND;2017-03-01;ND;ND;ND;11;ND;100,00;ND;ND;ND;652682.0008;6861991.8726;ND;ND;ND;ND;NON;ND;ND;NON;ND;ND;NON;"{""type"": ""Point"", ""coordinates"": [2.355107379670252, 48.85622550328393]}";48.8562255033, 2.35510737967
114;9;POLYTECHNIQUE;14 RUE JACQUES HENRI LARTIGUE;14 RUE JACQUES HENRI LARTIGUE;E1;5;SAEMES;WWW.SAEMES.FR;01 44 82 99 99;190;;ABONNES;24h / 24;NON;OUI;NON;NON;NON;01/07/2016;ND;ND;NON;ND;ND;NON;ND;ND;ND;ND;ND;ND;ND;ND;ND;ND;ND;ND;ND;ND;ND;ND;0;ND;ND;ND;2017-03-01;ND;ND;ND;13;ND;87,00;255,00;972,00;ND;652378.7469;6860961.8453;ND;ND;ND;ND;NON;ND;ND;NON;ND;2430,00;NON;"{""type"": ""Point"", ""coordinates"": [2.351089908200993, 48.84694017882919]}";48.8469401788, 2.3510899082
90;78;MARCADET;142 RUE MARCADET;142 RUE MARCADET;E1;18;SAEMES;WWW.SAEMES.FR;01 44 82 99 99;200;;ABONNES;24h / 24;NON;OUI;NON;NON;NON;01/07/2015;ND;ND;NON;ND;ND;NON;ND;ND;ND;ND;ND;ND;ND;ND;ND;ND;ND;ND;ND;ND;ND;ND;0;ND;ND;ND;2017-03-01;ND;ND;ND;10;ND;78,00;208,00;780,00;ND;651526.081;6865905.5929;ND;ND;ND;ND;NON;ND;ND;NON;ND;1949,00;NON;"{""type"": ""Point"", ""coordinates"": [2.338907620507201, 48.89133469362022]}";48.8913346936, 2.33890762051
155;151;TRES GRANDE BIBLIOTHEQUE (RIVE GAUCHE);19 RUE EMILE DURKHEIM ET 24 RUE NEUVE TOLBIAC;19 RUE EMILE DURKHEIM;E1;13;INDIGO;WWW.PARKINDIGO.FR;01 44 06 60 50;190;;VISITEURS ET ABONNES;24h / 24;OUI;OUI;OUI;OUI;OUI;01/09/2016;235,00;2350,00;OUI;1410,00;1880,00;NON;ND;01/09/2016;0,90;1,80;3,60;5,40;7,20;10,80;14,40;25,20;28,80;32,40;32,40;32,40;32,40;32,40;11;118,00;329,00;1175,00;2017-03-01;118,00;329,00;1175,00;16;1,20;82,00;230,00;823,00;10,00;654307.1763;6859307.3591;5F 12E 12F 13J 13K 13L 13M 13N 13P 13R 13S;0,30;0,60;10,80;OUI;493,50;658,00;NON;ND;2938,00;NON;"{""type"": ""Point"", ""coordinates"": [2.377544218184295, 48.83220091070548]}";48.8322009107, 2.37754421818
152;36;TERNES;38 ET 61 AVENUE DES TERNES;38 AVENUE DES TERNES;E1;17;SPIE AUTOCITE;WWW.AUTOCITE.FR;01 45 72 17 61;185;;VISITEURS ET ABONNES;24h / 24;NON;OUI;OUI;OUI;NON;01/12/2013;220,00;2200,00;OUI;960,00;1600,00;NON;ND;01/12/2013;0,90;1,80;3,60;5,40;7,20;10,80;14,40;25,20;28,80;32,40;32,40;32,40;32,40;32,40;22;110,00;308,00;1100,00;2017-03-01;110,00;308,00;1100,00;100;1,20;77,00;216,00;770,00;10,00;648173.0977;6864565.613;8F 8G 16E 16F 16G 17E 17F 17G 17H 17J 17L 17M 17N;0,30;0,60;10,80;OUI;336,00;560,00;NON;ND;ND;NON;"{""type"": ""Point"", ""coordinates"": [2.293345187761946, 48.8790235907566]}";48.8790235908, 2.29334518776
147;147;SEBASTOPOL;37 BOULEVARD SEBASTOPOL;37 BOULEVARD DE SEBASTOPOL;E1;1;INDIGO;WWW.PARKINDIGO.FR;01 40 13 00 65;190;;VISITEURS ET ABONNES;24h / 24;OUI, MAIS TRAVAUX D'ACCESSIBILITE AUX HANDICAPES A REALISER;OUI;NON;OUI;NON;01/08/2016;245,00;2448,00;NON;ND;ND;OUI;1714,00;01/09/2016;1,10;2,20;4,40;6,60;8,80;13,20;17,60;30,80;35,20;39,60;39,60;39,60;39,60;39,60;10;ND;ND;ND;2017-03-01;123,00;318,00;1224,00;72;ND;72,00;206,00;728,00;ND;652266.1102;6862527.864;1E 2E 3E 4E;ND;ND;ND;NON;ND;ND;NON;ND;3178,00;NON;"{""type"": ""Point"", ""coordinates"": [2.349379311805154, 48.86101493332885]}";48.8610149333, 2.34937931181
157;153;UNIVERSITE DIDEROT (RIVE GAUCHE);31 RUE THOMAS MANN;31 RUE THOMAS MANN;E1;13;INDIGO;WWW.PARKINDIGO.FR;01 44 06 60 50;190;;VISITEURS ET ABONNES;24h / 24;OUI;OUI;OUI;NON;NON;01/09/2016;183,00;1830,00;OUI;878,40;1464,00;NON;ND;01/09/2016;0,80;1,60;3,20;4,80;6,40;9,60;12,80;22,40;25,60;28,80;28,80;28,80;28,80;28,80;20;92,00;256,00;915,00;2017-03-01;92,00;256,00;915,00;16;0,80;64,00;179,00;641,00;10,00;654399.5012;6858990.0935;TOUT PARIS;0,20;0,40;7,20;OUI;307,20;512,00;NON;ND;2968,00;NON;"{""type"": ""Point"", ""coordinates"": [2.378835871417501, 48.82935423573408]}";48.8293542357, 2.37883587142
143;57;SAINT SULPICE;8 PLACE SAINT SULPICE;8 PLACE SAINT SULPICE;E1;6;INDIGO;WWW.PARKINDIGO.FR;01 43 25 45 57;190;;VISITEURS ET ABONNES;24h / 24;OUI;OUI;NON;NON;NON;01/08/2016;331,00;3442,00;NON;ND;ND;NON;ND;01/09/2016;1,20;2,40;4,80;7,20;9,60;14,40;19,20;33,60;38,40;39,60;39,60;39,60;39,60;39,60;10;ND;ND;ND;2017-03-01;ND;ND;1721,20;3;ND;132,00;376,20;1372,80;ND;651100.2601;6861472.5821;ND;ND;ND;ND;NON;ND;ND;NON;ND;4212,00;NON;"{""type"": ""Point"", ""coordinates"": [2.333610716224296, 48.85143745328019]}";48.8514374533, 2.33361071622
145;121;SAINTS PERES;49 RUE JACOB;49 RUE JACOB;E1;6;INDIGO;WWW.PARKINDIGO.FR;01 45 49 18 55;190;;ABONNES;24h / 24;NON;OUI;NON;NON;NON;01/08/2016;ND;ND;NON;ND;ND;NON;ND;ND;ND;ND;ND;ND;ND;ND;ND;ND;ND;ND;ND;ND;ND;ND;0;ND;ND;ND;2017-03-01;ND;ND;ND;5;ND;108,00;308,00;1124,00;ND;650987.5043;6861989.9198;ND;ND;ND;ND;NON;ND;ND;NON;ND;3456,00;OUI;"{""type"": ""Point"", ""coordinates"": [2.332014551990611, 48.856081257227295]}";48.8560812572, 2.33201455199
142;135;SAINT PLACIDE;33 RUE SAINT PLACIDE;33 RUE SAINT PLACIDE;E1;6;Q PARK;WWW.Q-PARK.FR;01 45 45 69 73;190;;ABONNES;24h / 24;OUI;OUI;NON;NON;NON;01/01/2017;ND;ND;NON;ND;ND;NON;ND;ND;ND;ND;ND;ND;ND;ND;ND;ND;ND;ND;ND;ND;ND;ND;0;ND;ND;ND;2017-03-01;ND;ND;ND;0;ND;195,00;585,00;2340,00;ND;650523.0823;6861164.237;ND;ND;ND;ND;NON;ND;ND;NON;ND;ND;NON;"{""type"": ""Point"", ""coordinates"": [2.325781388465082, 48.84862046199839]}";48.848620462, 2.32578138847
135;80;ROQUETTE;16 RUE SERVAN;16 RUE SERVAN;E1;11;SAEMES;WWW.SAEMES.FR;01 44 82 99 99;190;;ABONNES;24h / 24;NON;OUI;NON;NON;OUI;01/07/2015;ND;ND;NON;ND;ND;NON;ND;ND;ND;ND;ND;ND;ND;ND;ND;ND;ND;ND;ND;ND;ND;ND;0;29,00;ND;ND;2017-03-01;ND;ND;ND;14;ND;46,00;120,00;429,00;ND;654785.9444;6862379.7442;ND;ND;ND;ND;NON;ND;ND;NON;ND;1072,00;NON;"{""type"": ""Point"", ""coordinates"": [2.383739384704096, 48.85986469665986]}";48.8598646967, 2.3837393847
158;100;VAN GOGH;205 RUE DE BERCY;205 RUE DE BERCY;E1;12;SAEMES;WWW.SAEMES.FR;01 44 82 99 99;190;;ABONNES;24h / 24;OUI;NON;OUI;NON;NON;01/07/2016;ND;ND;NON;ND;ND;NON;ND;ND;ND;ND;ND;ND;ND;ND;ND;ND;ND;ND;ND;ND;ND;ND;0;ND;ND;ND;2017-03-01;ND;ND;ND;0;ND;ND;ND;ND;ND;653893.3059;6860699.2014;ND;ND;ND;ND;NON;ND;ND;NON;ND;2030,00;NON;"{""type"": ""Point"", ""coordinates"": [2.371755606158589, 48.84468837383502]}";48.8446883738, 2.37175560616
33;3;ECOLE DE MEDECINE;10 RUE DE L ECOLE DE MEDECINE;17 RUE DE L ECOLE DE MEDECINE;E1;6;SAEMES;WWW.SAEMES.FR;01 43 29 61 38;190;;VISITEURS ET ABONNES;24h / 24;OUI;OUI;OUI;OUI;OUI;01/07/2016;270,00;2754,00;OUI;1652,00;2203,00;NON;ND;01/07/2015;1,00;2,00;4,00;6,00;8,00;12,00;16,00;28,00;32,00;36,00;36,00;36,00;36,00;36,00;6;135,00;385,00;1377,00;2017-03-01;135,00;385,00;1377,00;17;1,40;94,50;269,30;955,00;15,00;651631.5412;6861411.8185;4E 5E 5F 5G 5H 5J 6E 6F 6G 7L 7M 7N;0,40;0,70;12,60;NON;ND;ND;NON;ND;3414,00;NON;"{""type"": ""Point"", ""coordinates"": [2.34085741115792, 48.85093111298769]}";48.850931113, 2.34085741116
27;34;CITROEN CEVENNES;47 RUE LEBLANC;47 RUE LEBLANC;E1;15;INDIGO;WWW.PARKINDIGO.FR;01 45 57 32 69;190;;VISITEURS ET ABONNES;24h / 24;OUI;OUI;OUI;NON;NON;01/08/2016;199,00;2070,00;OUI;1240,50;1654,00;NON;ND;01/01/2017;0,85;1,70;3,40;5,10;6,80;10,20;13,60;23,80;27,20;30,60;30,60;30,60;30,60;30,60;12;99,50;284,00;1035,00;2017-03-01;99,50;284,00;1035,00;18;0,80;70,00;200,00;728,00;10,00;646885.9526;6860088.2459;15M 15N 15P 15W 15X;0,20;0,40;7,20;OUI;436,50;582,00;NON;ND;2588,00;NON;"{""type"": ""Point"", ""coordinates"": [2.276355517554811, 48.83865458953479]}";48.8386545895, 2.27635551755
18;11;CARNOT;16 AVENUE CARNOT;16 AVENUE CARNOT;E1;17;INDIGO;WWW.PARKINDIGO.FR;01 40 68 91 61;190;;VISITEURS ET ABONNES;24h / 24;OUI;OUI;NON;OUI;NON;01/08/2016;248,00;2579,00;NON;ND;ND;NON;ND;01/01/2017;1,05;2,10;4,20;6,30;8,40;12,60;16,80;29,40;33,60;37,80;37,80;37,80;37,80;37,80;6;124,00;353,00;1290,00;2017-03-01;124,00;353,00;1290,00;0;1,20;86,80;247,50;902,70;10,00;648169.0566;6864238.1458;ND;0,30;0,60;10,80;NON;ND;ND;NON;ND;3224,00;NON;"{""type"": ""Point"", ""coordinates"": [2.293330048736947, 48.87607845824766]}";48.8760784582, 2.29333004874
119;35;PORTE DE CHAMPERRET;6 AVENUE PORTE DE CHAMPERRET ET 21 BOULEVARD DE L YSER;6 AVENUE PORTE DE CHAMPERRET;E2;17;INDIGO;WWW.PARKINDIGO.FR;01 43 80 73 81;190;;VISITEURS ET ABONNES;24h / 24;OUI, MAIS TRAVAUX D'ACCESSIBILITE AUX HANDICAPES A REALISER;OUI;OUI;OUI;OUI;01/08/2016;148,00;1539,00;NON;ND;ND;OUI;1082,00;01/02/2017;1,00;2,00;4,00;6,00;8,00;12,00;16,00;28,00;32,00;36,00;36,00;36,00;36,00;36,00;29;ND;ND;ND;2017-03-01;74,00;211,00;770,00;37;1,20;72,00;205,00;749,00;16,00;647766.93;6865394.6201;17E 17F 17G 17H 17L 17M 17N;0,30;0,60;10,80;NON;ND;ND;OUI;520,00;1924,00;NON;"{""type"": ""Point"", ""coordinates"": [2.287705467789601, 48.88644572907668]}";48.8864457291, 2.28770546779
134;61;ROND POINT DES CHAMPS ELYSEES;1 AVENUE MATIGNON;1 AVENUE MATIGNON;E1;8;INDIGO;WWW.PARKINDIGO.FR;01 42 25 04 83;190;;VISITEURS ET ABONNES;24h / 24;OUI, MAIS TRAVAUX D'ACCESSIBILITE AUX HANDICAPES A REALISER;OUI;OUI;OUI;NON;01/08/2016;260,00;2704,00;NON;ND;ND;OUI;1892,80;01/09/2016;1,20;2,40;4,80;7,20;9,60;14,40;19,20;33,60;38,40;39,60;39,60;39,60;39,60;39,60;10;130,00;370,50;1352,00;2017-03-01;130,00;370,50;1352,00;15;1,60;91,00;259,40;947,00;12,40;649454.5665;6863510.4723;ND;0,40;0,80;13,60;NON;ND;ND;NON;ND;3256,90;NON;"{""type"": ""Point"", ""coordinates"": [2.310942533945341, 48.86963686106196]}";48.8696368611, 2.31094253395
154;36;TERNES;4 AVENUE DES TERNES;4 AVENUE DES TERNES;E3;17;SPIE AUTOCITE;WWW.AUTOCITE.FR;01 45 72 17 61;185;;VISITEURS ET ABONNES;24h / 24;NON;OUI;OUI;OUI;NON;01/12/2013;220,00;2200,00;OUI;960,00;1600,00;NON;ND;01/12/2013;0,90;1,80;3,60;5,40;7,20;10,80;14,40;25,20;28,80;32,40;32,40;32,40;32,40;32,40;22;110,00;308,00;1100,00;2017-03-01;110,00;308,00;1100,00;100;1,20;77,00;216,00;770,00;10,00;648436.9019;6864467.7266;8F 8G 16E 16F 16G 17E 17F 17G 17H 17J 17L 17M 17N;0,30;0,60;10,80;OUI;336,00;560,00;NON;ND;ND;NON;"{""type"": ""Point"", ""coordinates"": [2.296953824994446, 48.87816450717553]}";48.8781645072, 2.29695382499
140;44;SAINT MARTIN;245 RUE SAINT MARTIN;245 RUE SAINT MARTIN;E1;3;INDIGO;WWW.PARKINDIGO.FR;01 42 74 16 00;190;;VISITEURS ET ABONNES;24h / 24;OUI, MAIS TRAVAUX D'ACCESSIBILITE AUX HANDICAPES A REALISER;OUI;NON;NON;NON;01/08/2016;309,00;3091,00;NON;ND;ND;NON;ND;01/09/2016;1,10;2,20;4,40;6,60;8,80;13,20;17,60;30,80;35,20;39,60;39,60;39,60;39,60;39,60;4;ND;ND;ND;2017-03-01;ND;ND;ND;34;ND;128,00;363,00;1326,00;ND;652557.9318;6863066.0038;ND;ND;ND;ND;NON;ND;ND;NON;ND;ND;NON;"{""type"": ""Point"", ""coordinates"": [2.353296637492223, 48.865875902558535]}";48.8658759026, 2.35329663749
139;144;SAINT JACQUES 2 (SURFACE);2 BOULEVARD SAINT JACQUES;2 BOULEVARD SAINT JACQUES;E1;14;SAEMES;WWW.SAEMES.FR;01 44 82 99 99;200;;ABONNES;24h / 24;ACCESSIBLE DE PLAIN PIED;NON;OUI;NON;NON;01/01/2017;103,60;1036,00;OUI;621,60;828,80;NON;ND;ND;ND;ND;ND;ND;ND;ND;ND;ND;ND;ND;ND;ND;ND;ND;1;52,00;148,00;518,00;2017-03-01;52,00;148,00;518,00;0;ND;ND;ND;ND;ND;651614.6666;6859331.2223;5E 13F 13G 13H 13J 13L 14H 14J 14L 14N 14P;ND;ND;ND;NON;ND;ND;NON;ND;ND;NON;"{""type"": ""Point"", ""coordinates"": [2.340864135927218, 48.832219009150165]}";48.8322190092, 2.34086413593
165;148;WILSON 1 (SURFACE);38 AVENUE DU PRESIDENT WILSON;38 AVENUE DU PRESIDENT WILSON;E1;16;SAEMES;WWW.SAEMES.FR;01 44 82 99 99;200;;ABONNES;24h / 24;ACCESSIBLE DE PLAIN PIED;NON;OUI;NON;NON;01/01/2017;133,00;1330,00;OUI;798,00;1064,00;NON;ND;ND;ND;ND;ND;ND;ND;ND;ND;ND;ND;ND;ND;ND;ND;ND;1;66,50;190,00;665,00;2017-03-01;66,50;190,00;665,00;0;ND;ND;ND;ND;ND;647895.5878;6862879.8405;16F 16G 16H 16I 16J 16K;ND;ND;ND;NON;ND;ND;NON;ND;ND;NON;"{""type"": ""Point"", ""coordinates"": [2.289768307855145, 48.86384150892645]}";48.8638415089, 2.28976830786
164;163;WATT (RIVE GAUCHE);50 RUE WATT;51 RUE WATT;E1;13;INDIGO;WWW.PARKINDIGO.FR;01 44 06 60 50;190;;ABONNES;24h / 24;OUI;OUI;OUI;NON;NON;01/08/2016;89,50;895,00;OUI;429,60;716,00;NON;ND;ND;ND;ND;ND;ND;ND;ND;ND;ND;ND;ND;ND;ND;ND;ND;17;45,00;126,00;448,00;2017-03-01;45,00;126,00;448,00;0;ND;31,00;87,00;310,00;5,00;654369.6445;6858665.2972;TOUT PARIS;ND;ND;ND;OUI;150,36;250,60;NON;ND;1455,00;NON;"{""type"": ""Point"", ""coordinates"": [2.378464008549721, 48.82643117711773]}";48.8264311771, 2.37846400855
130;126;RECOLLETS;3 PASSAGE DES RECOLLETS;3 PASSAGE DES RECOLLETS;E1;10;SAEMES;WWW.SAEMES.FR;01 44 82 99 99;200;;ABONNES;24h / 24;OUI;OUI;NON;NON;OUI;01/07/2015;166,00;1726,00;NON;ND;ND;NON;ND;ND;ND;ND;ND;ND;ND;ND;ND;ND;ND;ND;ND;ND;ND;ND;0;ND;ND;ND;2017-03-01;ND;ND;ND;9;ND;83,00;231,00;863,00;ND;652992.005;6863990.4474;ND;ND;ND;ND;NON;ND;ND;NON;ND;3320,00;NON;"{""type"": ""Point"", ""coordinates"": [2.359111139958908, 48.874221066800224]}";48.8742210668, 2.35911113996
151;63;SUFFREN;19 PLACE JOFFRE;19 PLACE JOFFRE;E1;7;INDIGO;WWW.PARKINDIGO.FR;01 45 51 57 17;190;;ABONNES;24h / 24;NON;NON;NON;NON;NON;ND;ND;ND;NON;ND;ND;NON;ND;ND;ND;ND;ND;ND;ND;ND;ND;ND;ND;ND;ND;ND;ND;ND;0;ND;ND;ND;2017-03-01;ND;ND;ND;0;ND;ND;ND;ND;ND;648796.0282000001;6861524.019;ND;ND;ND;ND;NON;ND;ND;NON;ND;ND;OUI;"{""type"": ""Point"", ""coordinates"": [2.302204819049117, 48.85172101810959]}";48.8517210181, 2.30220481905
48;20;GEORGE V;103 AVENUE DES CHAMPS ELYSEES ET 32 AVENUE GEORGE V;103 AVENUE DES CHAMPS ELYSEES;E1;8;INDIGO;WWW.PARKINDIGO.FR;01 47 20 02 68;190;;VISITEURS ET ABONNES;24h / 24;OUI, MAIS TRAVAUX D'ACCESSIBILITE AUX HANDICAPES A REALISER;OUI;NON;OUI;OUI;01/08/2016;265,00;2756,00;NON;ND;ND;OUI;1929,20;01/09/2016;1,20;2,40;4,80;7,20;9,60;14,40;19,20;33,60;38,40;39,60;39,60;39,60;39,60;39,60;17;ND;ND;ND;2017-03-01;132,50;377,50;1378,00;25;ND;108,00;308,00;1084,00;ND;648620.6122;6863778.6638;8E 8F 8G 8H 8J 16E 16F 16G 16H 16I 16J 17E;ND;ND;ND;NON;ND;ND;NON;ND;4156,50;NON;"{""type"": ""Point"", ""coordinates"": [2.299541863943405, 48.8719826519721]}";48.871982652, 2.29954186394
51;69;GOUTTE D OR;10 RUE DE LA GOUTTE D OR;10 RUE DE LA GOUTTE D OR;E1;18;SAEMES;WWW.SAEMES.FR;01 42 62 78 71;190;;VISITEURS ET ABONNES;24h / 24;OUI, MAIS TRAVAUX D'ACCESSIBILITE AUX HANDICAPES A REALISER;OUI;OUI;OUI;NON;01/07/2016;118,00;1239,00;NON;ND;ND;OUI;867,30;01/07/2015;0,80;1,60;3,20;4,80;6,40;9,60;12,80;22,40;25,60;28,80;28,80;28,80;28,80;28,80;0;ND;ND;ND;2017-03-01;59,00;163,50;619,50;9;ND;47,00;131,00;496,00;ND;652631.4909;6865202.2877;9F 10G 18F 18G 18H 18J 18L 18N 19G;ND;ND;ND;NON;ND;ND;OUI;372,00;1735,00;NON;"{""type"": ""Point"", ""coordinates"": [2.354061097827482, 48.885092393342504]}";48.8850923933, 2.35406109783
1;28;ALBAN SATRAGNE MAGENTA;3 SQUARE ALBAN SATRAGNE;3 SQUARE ALBAN SATRAGNE;E1;10;INDIGO;WWW.PARKINDIGO.FR;01 40 16 41 01;190;;VISITEURS ET ABONNES;24h / 24;OUI, MAIS TRAVAUX D'ACCESSIBILITE AUX HANDICAPES A REALISER;OUI;OUI;OUI;OUI;01/08/2016;193,00;2005,00;NON;ND;ND;OUI;1404,00;01/09/2016;1,10;2,20;4,40;6,60;8,80;13,20;17,60;30,80;35,20;39,60;39,60;39,60;39,60;39,60;13;ND;ND;ND;2017-03-01;97,00;275,00;1003,00;50;1,20;94,00;268,00;978,00;10,00;652697.2812;6864118.628;10E 10F 10G;0,30;0,60;10,80;NON;ND;ND;NON;ND;2506,00;NON;"{""type"": ""Point"", ""coordinates"": [2.355078894743535, 48.87535218494883]}";48.8753521849, 2.35507889474
65;60;INVALIDES;23 RUE DE CONSTANTINE;23 RUE DE CONSTANTINE;E1;7;INDIGO;WWW.PARKINDIGO.FR;01 47 05 36 47;190;;VISITEURS ET ABONNES;24h / 24;NON;OUI;OUI;NON;NON;01/08/2016;250,00;2600,00;NON;ND;ND;OUI;1820,00;01/01/2017;1,15;2,30;4,60;6,90;9,20;13,80;18,40;32,20;36,80;39,60;39,60;39,60;39,60;39,60;3;125,00;356,00;1300,00;2017-03-01;125,00;356,00;1300,00;26;1,60;88,00;250,00;910,00;10,00;649735.1488;6862363.2286;1E 7E 7F 7G 7H 7J 7K 7L 7M 7N 8E 16H;0,40;0,80;13,60;NON;ND;ND;OUI;637,00;3609,00;NON;"{""type"": ""Point"", ""coordinates"": [2.314903052657177, 48.85934187855408]}";48.8593418786, 2.31490305266
57;31;HAUSSMANN BERRI;161 ET 162 BOULEVARD HAUSSMANN;161 BOULEVARD HAUSSMANN;E1;8;INDIGO;WWW.PARKINDIGO.FR;01 45 63 94 62;190;;VISITEURS ET ABONNES;24h / 24;NON;OUI;NON;NON;NON;01/08/2016;285,00;2844,00;NON;ND;ND;OUI;1990,80;01/09/2016;1,20;2,40;4,80;7,20;9,60;14,40;19,20;33,60;38,40;39,60;39,60;39,60;39,60;39,60;3;ND;ND;ND;2017-03-01;ND;ND;1422,00;24;ND;ND;317,00;ND;ND;649305.149;6864093.1246;8E 8F 8G 8H 8J 8K 8L 17E 17H 17J 17K 17L 17P 17R;ND;ND;ND;NON;ND;ND;NON;ND;3243,60;NON;"{""type"": ""Point"", ""coordinates"": [2.308836189494885, 48.87486475717652]}";48.8748647572, 2.30883618949
80;117;MAINE BASCH ALESIA;204 ET 205  AVENUE DU MAINE;204 AVENUE DU MAINE;E1;14;INDIGO;WWW.PARKINDIGO.FR;01 43 95 09 14;185;;VISITEURS ET ABONNES;24h / 24;OUI;OUI;OUI;OUI;OUI;01/08/2016;193,00;2007,00;NON;ND;ND;NON;ND;01/01/2017;1,05;2,10;4,20;6,30;8,40;12,60;16,80;29,40;33,60;37,80;37,80;37,80;37,80;37,80;10;96,50;275,00;1004,00;2017-03-01;96,50;275,00;1004,00;48;1,20;68,00;194,00;707,00;10,00;650495.0137;6859117.8378;ND;0,30;0,60;10,80;NON;ND;ND;NON;ND;2509,00;NON;"{""type"": ""Point"", ""coordinates"": [2.325637068308894, 48.83021499784253]}";48.8302149978, 2.32563706831
75;10;LUTECE;3 BOULEVARD DU PALAIS;3 BOULEVARD DU PALAIS;E1;4;INDIGO;WWW.PARKINDIGO.FR;04 40 46 95 61;190;;VISITEURS ET ABONNES;24h / 24;NON;OUI;OUI;NON;OUI;01/08/2016;244,00;2613,00;OUI;1567,80;2090,40;NON;ND;01/08/2015;0,90;1,80;3,60;5,40;7,20;10,80;14,40;25,20;28,80;32,40;36,00;36,00;36,00;36,00;0;ND;ND;ND;2017-03-01;ND;ND;1306,50;9;1,20;85,00;242,00;914,55;ND;652011.3377;6861876.3163;1E 4E 5G 5H 5J 6E 34F;0,30;0,60;11,00;NON;ND;ND;NON;ND;ND;NON;"{""type"": ""Point"", ""coordinates"": [2.345980433750558, 48.855136708534594]}";48.8551367085, 2.34598043375
52;90;GRENELLE 1 (SURFACE);31 BOULEVARD DE GRENELLE;31 BOULEVARD DE GRENELLE;E1;15;SAEMES;WWW.SAEMES.FR;01 44 82 99 99;200;;ABONNES;24h / 24;ACCESSIBLE DE PLAIN PIED;NON;OUI;OUI;OUI;01/01/2017;103,60;1036,00;OUI;621,60;828,80;NON;ND;ND;ND;ND;ND;ND;ND;ND;ND;ND;ND;ND;ND;ND;ND;ND;1;52,00;148,00;518,00;2017-03-01;52,00;148,00;518,00;0;ND;ND;ND;ND;ND;647977.4012;6861626.8737;7E 7F 7H 15E 15F 15L 15M 15P 16P 16T;ND;ND;ND;NON;ND;ND;NON;ND;ND;NON;"{""type"": ""Point"", ""coordinates"": [2.291036781086904, 48.85258039981752]}";48.8525803998, 2.29103678109
45;157;FREMICOURT;15 RUE FREMICOURT;15 RUE FREMICOURT;E1;15;INDIGO;WWW.PARKINDIGO.FR;08 10 26 30 00;210;;ABONNES;24h / 24;OUI;OUI;OUI;OUI;NON;01/09/2016;203,00;2111,00;OUI;1266,60;1688,80;NON;ND;ND;ND;ND;ND;ND;ND;ND;ND;ND;ND;ND;ND;ND;ND;ND;5;101,50;289,30;1055,50;2017-03-01;101,50;289,30;1055,50;31;ND;71,00;202,40;738,40;11,00;648429.666;6861044.583;15E 15F 15G 15K 15L 15M 15P;ND;ND;ND;NON;ND;ND;NON;ND;2746,00;NON;"{""type"": ""Point"", ""coordinates"": [2.297270532268938, 48.84738027335018]}";48.8473802734, 2.29727053227
85;102;MAIRIE DU 19EME;5 RUE ANDRE DUBOIS;5 RUE ANDRE DUBOIS;E1;19;SAEMES;WWW.SAEMES.FR;01 44 82 99 99;190;;ABONNES;24h / 24;NON;OUI;NON;NON;OUI;01/07/2014;ND;ND;NON;ND;ND;NON;ND;ND;ND;ND;ND;ND;ND;ND;ND;ND;ND;ND;ND;ND;ND;ND;2;ND;109,00;ND;2017-03-01;ND;ND;ND;13;ND;66,00;175,00;650,00;ND;654659.506;6865010.6048;ND;ND;ND;ND;NON;ND;ND;NON;ND;1625,00;NON;"{""type"": ""Point"", ""coordinates"": [2.381735360133649, 48.88351464193063]}";48.8835146419, 2.38173536013
111;17;PICPUS NATION;65 ET 75 BOULEVARD DE PICPUS;75B BOULEVARD DE PICPUS;E2;12;INDIGO;WWW.PARKINDIGO.FR;01 42 77 88 53;190;;VISITEURS ET ABONNES;24h / 24;OUI, MAIS TRAVAUX D'ACCESSIBILITE AUX HANDICAPES A REALISER;OUI;OUI;OUI;OUI;01/08/2016;124,00;1290,00;NON;ND;ND;OUI;1188,00;01/08/2016;0,75;1,50;3,00;4,50;6,00;9,00;12,00;21,00;24,00;27,00;27,00;27,00;27,00;27,00;19;62,00;177,00;645,00;2017-03-01;62,00;177,00;645,00;40;0,80;43,00;124,00;452,00;10,00;655898.73;6860944.3827;11E 11F 11G 11H 11J 11K 11L 12E 12G 12H 12J 12M 12N 12P 12R 20E 20F 20G 20H 20J 20K 20L 20M 20N 20P 20R;0,20;0,40;7,20;NON;ND;ND;NON;ND;1613,00;NON;"{""type"": ""Point"", ""coordinates"": [2.399054775323461, 48.84703366976482]}";48.8470336698, 2.39905477532
110;17;PICPUS NATION;65 ET 75 BOULEVARD DE PICPUS;65 BOULEVARD DE PICPUS;E1;12;INDIGO;WWW.PARKINDIGO.FR;01 42 77 88 53;190;;VISITEURS ET ABONNES;24h / 24;OUI, MAIS TRAVAUX D'ACCESSIBILITE AUX HANDICAPES A REALISER;OUI;OUI;OUI;OUI;01/08/2016;124,00;1290,00;NON;ND;ND;OUI;1188,00;01/08/2016;0,75;1,50;3,00;4,50;6,00;9,00;12,00;21,00;24,00;27,00;27,00;27,00;27,00;27,00;19;62,00;177,00;645,00;2017-03-01;62,00;177,00;645,00;40;0,80;43,00;124,00;452,00;10,00;655961.0829;6860879.6579;11E 11F 11G 11H 11J 11K 11L 12E 12G 12H 12J 12M 12N 12P 12R 20E 20F 20G 20H 20J 20K 20L 20M 20N 20P 20R;0,20;0,40;7,20;NON;ND;ND;NON;ND;1613,00;NON;"{""type"": ""Point"", ""coordinates"": [2.399911095909342, 48.84645586235901]}";48.8464558624, 2.39991109591
94;84;MAUBERT COLLEGE DES BERNARDINS;39 BOULEVARD SAINT GERMAIN;39 BOULEVARD SAINT GERMAIN;E1;5;SAEMES;WWW.SAEMES.FR;01 43 26 97 01;185;;VISITEURS ET ABONNES;24h / 24;OUI, MAIS TRAVAUX D'ACCESSIBILITE AUX HANDICAPES A REALISER;OUI;OUI;OUI;OUI;01/01/2016;211,20;2112,00;NON;ND;ND;NON;ND;01/12/2015;1,00;2,00;4,00;6,00;8,00;12,00;16,00;28,00;32,00;36,00;36,00;36,00;36,00;36,00;1;106,00;296,00;1056,00;2017-03-01;106,00;296,00;1056,00;13;1,35;74,00;207,00;739,00;15,00;652374.2738;6861238.6764;ND;0,30;0,65;12,55;NON;ND;ND;NON;ND;2640,00;NON;"{""type"": ""Point"", ""coordinates"": [2.350997954588923, 48.84942938292662]}";48.8494293829, 2.35099795459
98;45;MONTHOLON;3 RUE MAYRAN;3 RUE MAYRAN;E1;9;INDIGO;WWW.PARKINDIGO.FR;01 42 85 37 57;190;;VISITEURS ET ABONNES;24h / 24;OUI;OUI;OUI;OUI;OUI;01/09/2016;235,00;2350,00;OUI;1233,75;1645,00;NON;ND;01/12/2015;0,95;1,90;3,80;5,70;7,60;11,40;15,20;26,60;30,40;34,20;34,20;34,20;34,20;34,20;9;118,00;329,00;1175,00;2017-03-01;118,00;329,00;1175,00;39;1,30;109,00;383,00;1089,00;10,00;652017.6411;6864292.8454;9E 9F 9G 10F 10G;0,35;0,70;11,70;OUI;432,00;576,00;NON;ND;3111,00;NON;"{""type"": ""Point"", ""coordinates"": [2.345793483748113, 48.87686859931956]}";48.8768685993, 2.34579348375
7;143;AUGUSTE BLANQUI (SURFACE);149 BOULEVARD AUGUSTE BLANQUI;149 BOULEVARD AUGUSTE BLANQUI;E1;13;SAEMES;WWW.SAEMES.FR;01 44 82 99 99;200;;ABONNES;24h / 24;ACCESSIBLE DE PLAIN PIED;NON;OUI;OUI;OUI;01/01/2017;103,60;1036,00;OUI;621,60;828,80;NON;ND;ND;ND;ND;ND;ND;ND;ND;ND;ND;ND;ND;ND;ND;ND;ND;2;52,00;148,00;518,00;2017-03-01;52,00;148,00;518,00;0;ND;ND;ND;ND;ND;651724.5094;6859205.8038;5E 5F 13F 13G 13H 13J 13K 13L 14H 14P;ND;ND;ND;NON;ND;ND;NON;ND;ND;NON;"{""type"": ""Point"", ""coordinates"": [2.342374644194102, 48.831099344934664]}";48.8310993449, 2.34237464419
99;19;MONTPARNASSE;120 ET 141 BOULEVARD MONTPARNASSE;120 BOULEVARD DU MONTPARNASSE;E1;14;INDIGO;WWW.PARKINDIGO.FR;01 43 22 51 89;190;;VISITEURS ET ABONNES;24h / 24;NON;OUI;OUI;NON;NON;01/08/2016;209,00;2174,00;NON;ND;ND;NON;ND;01/09/2016;1,10;2,20;4,40;6,60;8,80;13,20;17,60;30,80;35,20;39,60;39,60;39,60;39,60;39,60;0;ND;ND;ND;2017-03-01;ND;ND;1087,00;33;ND;79,00;225,00;822,00;ND;650878.1348;6860361.0764;ND;ND;ND;ND;NON;ND;ND;NON;ND;2714,00;NON;"{""type"": ""Point"", ""coordinates"": [2.330712196878272, 48.84142482117866]}";48.8414248212, 2.33071219688
107;142;PASTEUR 2 (SURFACE);69 BOULEVARD PASTEUR;69 BOULEVARD PASTEUR;E1;15;SAEMES;WWW.SAEMES.FR;01 44 82 99 99;200;;ABONNES;24h / 24;ACCESSIBLE DE PLAIN PIED;NON;OUI;NON;OUI;01/01/2017;103,60;1036,00;OUI;621,60;828,80;NON;ND;ND;ND;ND;ND;ND;ND;ND;ND;ND;ND;ND;ND;ND;ND;ND;2;52,00;148,00;518,00;2017-03-01;52,00;148,00;518,00;0;ND;ND;ND;ND;ND;649722.0071;6860306.5842;6F 7K 7N 14M 14N 15G 15H 15J 15K 15R;ND;ND;ND;NON;ND;ND;NON;ND;ND;NON;"{""type"": ""Point"", ""coordinates"": [2.314967122989753, 48.84084560813874]}";48.8408456081, 2.31496712299
92;86;MARCHE SAINT GERMAIN;2 RUE LOBINEAU;2 RUE LOBINEAU;E1;6;SAEMES;WWW.SAEMES.FR;01 44 82 99 99;190;;ABONNES;24h / 24;NON;NON;NON;NON;NON;01/07/2015;ND;ND;NON;ND;ND;NON;ND;ND;ND;ND;ND;ND;ND;ND;ND;ND;ND;ND;ND;ND;ND;ND;0;ND;ND;ND;2017-03-01;ND;ND;ND;0;ND;ND;ND;ND;ND;651338.7845;6861511.677;ND;ND;ND;ND;NON;ND;ND;NON;ND;2920,00;NON;"{""type"": ""Point"", ""coordinates"": [2.336856619450978, 48.851807089958285]}";48.85180709, 2.33685661945
97;113;MILTON;33 RUE MILTON;33 RUE MILTON;E1;9;SAEMES;WWW.SAEMES.FR;01 44 82 99 99;190;;ABONNES;24h / 24;NON;NON;NON;NON;NON;01/07/2013;ND;ND;NON;ND;ND;NON;ND;ND;ND;ND;ND;ND;ND;ND;ND;ND;ND;ND;ND;ND;ND;ND;0;ND;ND;ND;2017-03-01;ND;ND;ND;0;ND;ND;ND;ND;ND;651737.3227;6864540.9032;ND;ND;ND;ND;NON;ND;ND;NON;ND;ND;OUI;"{""type"": ""Point"", ""coordinates"": [2.341943526250061, 48.87907836779106]}";48.8790783678, 2.34194352625
4;1;AMPERE;93 RUE AMPERE;93 RUE AMPERE;E1;17;INDIGO;WWW.PARKINDIGO.FR;01 42 25 75 47;190;;ABONNES;24h / 24;NON;NON;NON;NON;NON;ND;ND;ND;NON;ND;ND;NON;ND;ND;ND;ND;ND;ND;ND;ND;ND;ND;ND;ND;ND;ND;ND;ND;0;ND;ND;ND;2017-03-01;ND;ND;ND;0;ND;ND;ND;ND;ND;648567.3594;6865253.2159;ND;ND;ND;ND;NON;ND;ND;NON;ND;ND;OUI;"{""type"": ""Point"", ""coordinates"": [2.298637351968909, 48.88523856996591]}";48.88523857, 2.29863735197
131;47;REUILLY DIDEROT;30 RUE DE REUILLY;30 RUE DE REUILLY;E1;12;SAEMES;WWW.SAEMES.FR;01 43 45 81 21;185;350;VISITEURS ET ABONNES;24h / 24;OUI, MAIS TRAVAUX D'ACCESSIBILITE AUX HANDICAPES A REALISER;OUI;OUI;OUI;OUI;01/07/2016;179,00;1880,00;NON;ND;ND;OUI;1504,00;01/07/2016;0,95;1,90;3,80;5,70;7,60;11,40;15,20;26,60;30,40;34,20;34,20;34,20;34,20;34,20;3;ND;ND;ND;2017-03-01;ND;626,00;ND;5;1,30;72,00;200,00;752,00;15,00;655021.5243;6860894.1857;12E 12G 12H 12J 12M 12N 12P 12R 11K 11L;0,30;0,70;11,90;NON;ND;ND;OUI;564,00;2350,00;NON;"{""type"": ""Point"", ""coordinates"": [2.387107330844675, 48.846521611677794]}";48.8465216117, 2.38710733084
9;29;BASTILLE;30 BOULEVARD DE LA BASTILLE;30 BOULEVARD DE LA BASTILLE;E1;12;INDIGO;WWW.PARKINDIGO.FR;01 43 46 74 14;190;;VISITEURS ET ABONNES;24h / 24;OUI, MAIS TRAVAUX D'ACCESSIBILITE AUX HANDICAPES A REALISER;OUI;OUI;NON;NON;01/08/2016;194,00;2016,00;NON;ND;ND;OUI;1412,00;01/08/2016;1,00;2,00;4,00;6,00;8,00;12,00;16,00;28,00;32,00;36,00;36,00;36,00;36,00;36,00;7;97,00;276,00;1008,00;2017-03-01;97,00;276,00;1008,00;20;1,20;68,00;194,00;706,00;10,20;653658.0165;6861234.5702;5F 5G 34F 11G 11H 11K 12E;0,30;0,60;10,80;NON;ND;ND;OUI;493,90;2647,00;NON;"{""type"": ""Point"", ""coordinates"": [2.368491376720584, 48.84948606619471]}";48.8494860662, 2.36849137672
8;42;BAC MONTALEMBERT;9 RUE DE MONTALEMBERT;9 RUE MONTALEMBERT;E1;7;INDIGO;WWW.PARKINDIGO.FR;01 42 22 15 66;190;;VISITEURS ET ABONNES;24h / 24;OUI;OUI;OUI;OUI;NON;01/08/2016;398,00;4139,00;OUI;2483,40;3311,20;NON;ND;01/07/2016;1,15;2,30;4,60;6,90;9,20;13,80;18,40;32,20;36,80;39,60;39,60;39,60;39,60;39,60;9;199,00;567,00;2069,50;2017-03-01;199,00;567,00;2069,50;13;1,60;139,00;396,00;1448,50;12,60;650625.0839;6862046.563;1E 6E 7G 7J 7L 7M 8E;0,40;0,80;13,60;OUI;869,10;1158,80;NON;ND;5630,00;NON;"{""type"": ""Point"", ""coordinates"": [2.327068827122027, 48.856562969044425]}";48.856562969, 2.32706882712
3;110;ALMA GEORGE V;6 ET 19 AVENUE GEORGE V;6 AVENUE GEORGE V;E2;8;INDIGO;WWW.PARKINDIGO.FR;01 47 23 06 86;190;;VISITEURS ET ABONNES;24h / 24;OUI;OUI;NON;NON;OUI;01/08/2016;305,00;3172,00;NON;ND;ND;OUI;2220,40;01/09/2016;1,20;2,40;4,80;7,20;9,60;14,40;19,20;33,60;38,40;39,60;39,60;39,60;39,60;39,60;6;ND;ND;ND;2017-03-01;152,50;434,50;1586,00;0;ND;122,00;347,60;1268,80;ND;648773.0928;6863047.9895;7E 7G 8E 8F 8H 16G 16H 16I 16K;ND;ND;ND;NON;ND;ND;NON;ND;3585,30;NON;"{""type"": ""Point"", ""coordinates"": [2.301708621153458, 48.86542402007639]}";48.8654240201, 2.30170862115
95;101;MEDITERRANEE;19 RUE DE CHALON;19 RUE DE CHALON;E1;12;SAEMES;WWW.SAEMES.FR;01 43 07 48 58;190;;VISITEURS ET ABONNES;24h / 24;OUI;OUI;OUI;OUI;NON;01/07/2016;293,00;2930,00;NON;ND;ND;NON;ND;01/07/2016;1,15;2,30;4,60;6,90;9,20;13,80;17,80;29,80;33,80;37,80;37,80;37,80;37,80;37,80;62;146,50;417,50;1465,00;2017-03-01;146,50;417,50;1465,00;135;1,60;102,50;292,00;1025,50;15,00;654213.8246;6860678.5011;ND;0,40;0,80;13,20;NON;ND;ND;OUI;930,00;3663,00;NON;"{""type"": ""Point"", ""coordinates"": [2.376125002381871, 48.844525069607755]}";48.8445250696, 2.37612500238
137;55;SAINT GERMAIN DES PRES;169 BOULEVARD SAINT GERMAIN;169 BOULEVARD SAINT GERMAIN;E1;6;INDIGO;WWW.PARKINDIGO.FR;01 45 49 18 55;190;;VISITEURS ET ABONNES;24h / 24;OUI;OUI;NON;NON;OUI;01/08/2016;310,00;3224,00;NON;ND;ND;NON;ND;01/09/2016;1,20;2,40;4,80;7,20;9,60;14,40;19,20;33,60;38,40;39,60;39,60;39,60;39,60;39,60;7;ND;ND;ND;2017-03-01;ND;ND;1612,00;19;ND;138,00;368,00;1435,00;ND;650918.1711;6861771.406;ND;ND;ND;ND;NON;ND;ND;NON;ND;ND;NON;"{""type"": ""Point"", ""coordinates"": [2.331094890665365, 48.85411090637123]}";48.8541109064, 2.33109489067
104;93;ORSAY 2 (SURFACE);71 QUAI D ORSAY;71 QUAI D ORSAY;E1;7;SAEMES;WWW.SAEMES.FR;01 44 82 99 99;200;;ABONNES;24h / 24;ACCESSIBLE DE PLAIN PIED;NON;OUI;OUI;NON;01/01/2017;133,00;1330,00;OUI;798,00;1064,00;NON;ND;ND;ND;ND;ND;ND;ND;ND;ND;ND;ND;ND;ND;ND;ND;ND;1;66,50;190,00;665,00;2017-03-01;66,50;190,00;665,00;0;ND;ND;ND;ND;ND;649064.7081;6862691.848;7E 7F 7G 7J 7L 7M 8E 16H;ND;ND;ND;NON;ND;ND;NON;ND;ND;NON;"{""type"": ""Point"", ""coordinates"": [2.305726206429869, 48.862244435513304]}";48.8622444355, 2.30572620643
17;154;CARDINET;168 RUE CARDINET;168 RUE CARDINET;E1;17;SAEMES;WWW.SAEMES.FR;01 44 82 99 99;210;;ABONNES;24h / 24;OUI;OUI;OUI;OUI;NON;01/01/2017;211,00;2152,20;OUI;1290,75;1721,00;NON;ND;ND;ND;ND;ND;ND;ND;ND;ND;ND;ND;ND;ND;ND;ND;ND;12;105,00;301,00;1076,00;2017-03-01;105,00;301,00;1076,00;16;ND;84,00;241,00;860,00;18,40;649924.9066;6865769.338;17K 17P 17R 17S 17T;ND;ND;ND;NON;ND;ND;NON;ND;2690,00;NON;"{""type"": ""Point"", ""coordinates"": [2.317087778877405, 48.88998686506249]}";48.8899868651, 2.31708777888
5;81;ANDRE HONNORAT;2 RUE AUGUSTE COMTE;2 RUE AUGUSTE COMTE;E1;6;SAEMES;WWW.SAEMES.FR;01 44 82 99 99;190;;ABONNES;24h / 24;NON;OUI;NON;NON;NON;01/07/2016;ND;ND;NON;ND;ND;NON;ND;ND;ND;ND;ND;ND;ND;ND;ND;ND;ND;ND;ND;ND;ND;ND;0;ND;ND;ND;2017-03-01;ND;ND;ND;3;ND;140,00;357,00;1361,00;ND;651432.1722;6860669.7191;ND;ND;ND;ND;NON;ND;ND;NON;ND;3403,00;NON;"{""type"": ""Point"", ""coordinates"": [2.338225384900518, 48.844242440634154]}";48.8442424406, 2.3382253849
23;125;CHAMPS ELYSEES PIERRE CHARRON;67 RUE PIERRE CHARRON;67 RUE PIERRE CHARRON;E1;8;INDIGO;WWW.PARKINDIGO.FR;01 40 74 09 60;195;;VISITEURS ET ABONNES;24h / 24;OUI;OUI;OUI;OUI;NON;01/08/2016;288,00;2927,00;OUI;1756,20;2341,60;NON;ND;01/09/2016;1,20;2,40;4,80;7,20;9,60;14,40;19,20;33,60;38,40;39,60;39,60;39,60;39,60;39,60;8;144,00;388,00;1463,50;2017-03-01;144,00;388,00;1463,50;0;1,60;100,00;270,00;1021,00;10,20;648979.0427;6863579.2599;7E 7G 8E 8F 8H 16G 16H 16I 16K;0,40;0,80;13,60;OUI;612,60;816,80;NON;ND;6207,00;NON;"{""type"": ""Point"", ""coordinates"": [2.304452059212324, 48.87021795799878]}";48.870217958, 2.30445205921
20;133;CASERNE MONGE;17 RUE GRACIEUSE;17 RUE GRACIEUSE;E1;5;SAEMES;WWW.SAEMES.FR;01 44 82 99 99;190;;ABONNES;24h / 24;OUI;OUI;OUI;NON;NON;01/07/2016;192,00;2016,00;NON;ND;ND;NON;ND;ND;ND;ND;ND;ND;ND;ND;ND;ND;ND;ND;ND;ND;ND;ND;5;60,00;ND;ND;2017-03-01;ND;ND;ND;12;ND;96,00;266,00;1008,00;ND;652396.3529;6860474.8103;ND;ND;ND;ND;NON;ND;ND;NON;ND;2520,00;NON;"{""type"": ""Point"", ""coordinates"": [2.351384318323659, 48.842561573354324]}";48.8425615734, 2.35138431832
25;119;CHARLETY THOMIRE;12 RUE THOMIRE;12 RUE THOMIRE;E1;13;SAEMES;WWW.SAEMES.FR;01 44 82 99 99;190;;ABONNES;24h / 24;OUI;OUI;NON;NON;NON;01/07/2016;90,00;945,00;NON;ND;ND;NON;ND;ND;ND;ND;ND;ND;ND;ND;ND;ND;ND;ND;ND;ND;ND;ND;26;23,00;ND;ND;2017-03-01;ND;ND;ND;24;ND;37,00;ND;378,00;ND;652166.7377;6857866.3452;ND;ND;ND;ND;NON;ND;ND;NON;ND;ND;NON;"{""type"": ""Point"", ""coordinates"": [2.348549088885551, 48.81908635497679]}";48.819086355, 2.34854908889
72;8;LES HALLES ST EUSTACHE;22 RUE DES HALLES;22 RUE DES HALLES;E1;1;SAEMES;WWW.SAEMES.FR;01 42 36 57 37;185;;VISITEURS ET ABONNES;24h / 24;OUI, MAIS TRAVAUX D'ACCESSIBILITE AUX HANDICAPES A REALISER;OUI;OUI;OUI;NON;01/07/2015;260,00;2600,00;OUI;1560,00;2080,00;NON;ND;01/07/2015;0,95;1,90;3,80;5,70;7,60;11,40;15,20;26,60;30,40;34,20;34,20;34,20;34,20;34,20;3;130,00;360,00;1300,00;2017-03-01;130,00;360,00;1300,00;16;1,30;91,00;252,00;910,00;15,00;652057.879;6862433.174;TROIS PREMIERS ARRONDISSEMENTS;0,35;0,70;11,70;NON;ND;ND;OUI;765,00;3250,00;NON;"{""type"": ""Point"", ""coordinates"": [2.346551896305018, 48.86014793509658]}";48.8601479351, 2.34655189631
26;152;CITE DE LA MODE AUSTERLITZ (RIVE GAUCHE);29 QUAI D AUSTERLITZ;29 QUAI D AUSTERLITZ;E1;13;INDIGO;WWW.PARKINDIGO.FR;01 44 06 60 50;190;;VISITEURS ET ABONNES;24h / 24;OUI;OUI;OUI;NON;NON;01/09/2016;235,00;2350,00;OUI;1410,00;1880,00;NON;ND;01/09/2016;0,90;1,80;3,60;5,40;7,20;10,80;14,40;25,20;28,80;32,40;32,40;32,40;32,40;32,40;18;118,00;329,00;1175,00;2017-03-01;118,00;329,00;1175,00;0;1,20;82,00;230,00;823,00;10,00;653854.0258;6860095.55;5F 12E 12F 13J 13K 13L 13M 13N 13P 13R 13S;0,30;0,60;10,80;OUI;493,50;658,00;NON;ND;2938,00;NON;"{""type"": ""Point"", ""coordinates"": [2.371285892622528, 48.83925689960961]}";48.8392568996, 2.37128589262
73;25;LOBAU;4 RUE DE LOBAU;4 RUE DE LOBAU;E1;4;INDIGO;WWW.PARKINDIGO.FR;01 42 77 88 53;190;;VISITEURS ET ABONNES;24h / 24;OUI, MAIS TRAVAUX D'ACCESSIBILITE AUX HANDICAPES A REALISER;OUI;OUI;OUI;OUI;01/08/2016;266,00;2660,00;OUI;1597,50;2130,00;NON;ND;01/07/2016;1,15;2,30;4,60;6,90;9,20;13,80;18,40;32,20;36,80;39,60;39,60;39,60;39,60;39,60;17;133,00;373,00;1330,00;2017-03-01;133,00;373,00;1330,00;132;1,60;93,00;261,00;931,00;14,00;652582.131;6862019.1125;1E 2E 3E 4E 5G 5J 6E 11G 34F;0,40;0,80;13,60;OUI;558,60;744,80;NON;ND;3413,00;NON;"{""type"": ""Point"", ""coordinates"": [2.353743285775988, 48.856463126329025]}";48.8564631263, 2.35374328578
64;7;HOTEL DE VILLE;8 QUAI DE GESVRES;8 QUAI DE GESVRES;E1;4;SAEMES;WWW.SAEMES.FR;01 42 71 51 96;180;;VISITEURS ET ABONNES;24h / 24;PREVU;OUI;OUI;OUI;NON;01/12/2016;265,00;2650,00;OUI;1590,00;2120,00;NON;ND;01/12/2016;1,05;2,10;4,20;6,30;8,40;12,60;16,80;29,40;33,60;37,80;37,80;37,80;37,80;37,80;10;133,00;378,00;1325,00;2017-03-01;133,00;378,00;1325,00;79;1,40;93,00;264,00;928,00;16,00;652256.0057;6862051.3556;1E 2E 3E 4E 34F 5G 5J 6E 11G;0,40;0,70;13,20;NON;ND;ND;NON;ND;3445,00;NON;"{""type"": ""Point"", ""coordinates"": [2.349295113172412, 48.856728999155294]}";48.8567289992, 2.34929511317
2;110;ALMA GEORGE V;6 ET 19 AVENUE GEORGE V;19 AVENUE GEORGE V;E1;8;INDIGO;WWW.PARKINDIGO.FR;01 47 23 06 86;190;;VISITEURS ET ABONNES;24h / 24;OUI;OUI;NON;NON;OUI;01/08/2016;305,00;3172,00;NON;ND;ND;OUI;2220,40;01/09/2016;1,20;2,40;4,80;7,20;9,60;14,40;19,20;33,60;38,40;39,60;39,60;39,60;39,60;39,60;6;ND;ND;ND;2017-03-01;152,50;434,50;1586,00;0;ND;122,00;347,60;1268,80;ND;648721.9597;6863223.1168;7E 7G 8E 8F 8H 16G 16H 16I 16K;ND;ND;ND;NON;ND;ND;NON;ND;3585,30;NON;"{""type"": ""Point"", ""coordinates"": [2.300990512750459, 48.86699483257704]}";48.8669948326, 2.30099051275
81;117;MAINE BASCH ALESIA;204 ET 205  AVENUE DU MAINE;205 AVENUE DU MAINE;E2;14;INDIGO;WWW.PARKINDIGO.FR;01 43 95 09 14;185;;VISITEURS ET ABONNES;24h / 24;OUI;OUI;OUI;OUI;OUI;01/08/2016;193,00;2007,00;NON;ND;ND;NON;ND;01/01/2017;1,05;2,10;4,20;6,30;8,40;12,60;16,80;29,40;33,60;37,80;37,80;37,80;37,80;37,80;10;96,50;275,00;1004,00;2017-03-01;96,50;275,00;1004,00;48;1,20;68,00;194,00;707,00;10,00;650573.9074;6858962.4816;ND;0,30;0,60;10,80;NON;ND;ND;NON;ND;2509,00;NON;"{""type"": ""Point"", ""coordinates"": [2.3267297596816983, 48.82882391859021]}";48.8288239186, 2.32672975968
63;15;HOCHE;14 ET 29 AVENUE HOCHE;29 AVENUE HOCHE;E2;8;INDIGO;WWW.PARKINDIGO.FR;01 42 25 75 47;190;;VISITEURS ET ABONNES;24h / 24;OUI, MAIS TRAVAUX D'ACCESSIBILITE AUX HANDICAPES A REALISER;OUI;NON;NON;NON;01/08/2016;295,00;3068,00;NON;ND;ND;NON;ND;01/09/2016;1,20;2,40;4,80;7,20;9,60;14,40;19,20;33,60;38,40;39,60;39,60;39,60;39,60;39,60;10;ND;ND;ND;2017-03-01;ND;ND;1539,00;13;ND;171,00;487,00;1778,00;ND;648764.6749;6864251.7564;ND;ND;ND;ND;NON;ND;ND;NON;ND;3224,00;NON;"{""type"": ""Point"", ""coordinates"": [2.301448719804309, 48.87624851522654]}";48.8762485152, 2.3014487198
67;58;JOFFRE;2 PLACE JOFFRE;2 PLACE JOFFRE;E1;7;INDIGO;WWW.PARKINDIGO.FR;01 45 51 57 17;190;;VISITEURS ET ABONNES;08h / 22h;ACCESSIBLE DE PLAIN PIED;OUI;OUI;NON;OUI;01/01/2016;191,00;1986,00;NON;ND;ND;NON;ND;01/01/2017;1,15;2,30;4,60;6,90;9,20;13,80;18,40;32,20;36,80;39,60;39,60;39,60;39,60;39,60;1;95,50;272,00;993,00;2017-03-01;95,50;272,00;993,00;19;1,60;76,00;218,00;799,00;10,00;648986.9032000001;6861819.8131;ND;0,40;0,80;13,60;NON;ND;ND;NON;ND;3110,00;NON;"{""type"": ""Point"", ""coordinates"": [2.304770391766118, 48.8543962027266]}";48.8543962027, 2.30477039177
53;91;GRENELLE 2 (SURFACE);19 BOULEVARD DE GRENELLE;19 BOULEVARD DE GRENELLE;E1;15;SAEMES;WWW.SAEMES.FR;01 44 82 99 99;200;;ABONNES;24h / 24;ACCESSIBLE DE PLAIN PIED;NON;OUI;NON;OUI;01/01/2017;103,60;1036,00;OUI;621,60;828,80;NON;ND;ND;ND;ND;ND;ND;ND;ND;ND;ND;ND;ND;ND;ND;ND;ND;1;52,00;148,00;518,00;2017-03-01;52,00;148,00;518,00;0;ND;ND;ND;ND;ND;647913.7308;6861725.9048;7E 7F 7H 15E 15F 15L 15M 15P 16P 16T;ND;ND;ND;NON;ND;ND;NON;ND;ND;NON;"{""type"": ""Point"", ""coordinates"": [2.290156996499412, 48.85346582989744]}";48.8534658299, 2.2901569965
82;33;MAIRIE DU 14 EME;8 RUE CHARLES DIVRY;8 RUE CHARLES DIVRY;E1;14;INDIGO;WWW.PARKINDIGO.FR;01 43 95 09 14;190;;ABONNES;24h / 24;NON;NON;NON;NON;NON;01/08/2016;ND;ND;OUI;ND;ND;NON;ND;ND;ND;ND;ND;ND;ND;ND;ND;ND;ND;ND;ND;ND;ND;ND;0;ND;ND;ND;2017-03-01;ND;ND;ND;0;ND;ND;ND;ND;ND;650634.6318;6859442.3527;ND;ND;ND;ND;NON;ND;ND;NON;ND;2361,00;NON;"{""type"": ""Point"", ""coordinates"": [2.327501223114382, 48.83314409585461]}";48.8331440959, 2.32750122311
144;161;SAINT SULPICE (GARAGE);8 PLACE SAINT SULPICE;8 PLACE SAINT SULPICE;E1;6;INDIGO;WWW.PARKINDIGO.FR;01 43 25 45 57;190;;ABONNES;24h / 24;OUI;OUI;NON;NON;NON;01/08/2016;375,00;3900,00;OUI;2340,00;3120,00;NON;ND;ND;ND;ND;ND;ND;ND;ND;ND;ND;ND;ND;ND;ND;ND;ND;0;187,50;534,50;1950,00;2017-03-01;187,50;534,50;1950,00;5;ND;134,30;382,80;1396,80;ND;651100.2601;6861472.5821;1E 4E 5E 5H 5J 6E 6F 6G 7L 7M 7N;ND;ND;ND;NON;ND;ND;NON;ND;4875,00;NON;"{""type"": ""Point"", ""coordinates"": [2.333610716224296, 48.85143745328019]}";48.8514374533, 2.33361071622
